player_id,player_name,team,position,broad_position,position_source,old_overall,new_overall,attribute_model_version,overall_model_version,model_coverage,overall_confidence,core_penalty,versatility_bonus,old_rank,new_rank,overall_change,rank_change
3146557,Jock Landale,ATL,C,C,verified season statistics,68,65,v5-possession-expanded,v2-positional-value,100,Medium,0.0,0.0,129,263,-3,-134
4431680,Onyeka Okongwu,ATL,C,C,verified season statistics,77,73,v5-possession-expanded,v2-positional-value,100,Medium,0.0,0.22,21,99,-4,-78
4431714,Jalen Wilson,ATL,PF,F,verified season statistics,52,58,v5-possession-expanded,v2-positional-value,100,Medium,1.19,0.0,352,340,6,12
4712863,Mouhamed Gueye,ATL,PF,F,verified season statistics,63,68,v5-possession-expanded,v2-positional-value,100,Medium,0.49,0.0,228,207,5,21
2490149,CJ McCollum,ATL,PG,G,verified season statistics,66,75,v5-possession-expanded,v2-positional-value,100,Medium,0.0,0.0,158,55,9,103
4433188,Devin Carter,ATL,PG,G,verified season statistics,61,64,v5-possession-expanded,v2-positional-value,100,Medium,0.32,0.0,255,268,3,-13
4280151,Corey Kispert,ATL,SF,F,verified season statistics,61,67,v5-possession-expanded,v2-positional-value,100,Medium,0.69,0.11,253,213,6,40
4701230,Jalen Johnson,ATL,SF,F,verified season statistics,75,77,v5-possession-expanded,v2-positional-value,100,Medium,0.06,0.06,31,33,2,-2
4397020,Luguentz Dort,ATL,SF,F,verified season statistics,59,66,v5-possession-expanded,v2-positional-value,100,Medium,1.07,0.0,296,244,7,52
4397183,Aaron Wiggins,ATL,SG,G,verified season statistics,71,77,v5-possession-expanded,v2-positional-value,100,Medium,0.02,0.48,75,29,6,46
2990984,Buddy Hield,ATL,SG,G,verified season statistics,68,73,v5-possession-expanded,v2-positional-value,100,Medium,0.09,0.53,117,87,5,30
4869342,Dyson Daniels,ATL,SG,G,verified season statistics,70,71,v5-possession-expanded,v2-positional-value,100,Medium,0.58,1.42,94,135,1,-41
4278039,Nickeil Alexander-Walker,ATL,SG,G,verified season statistics,63,66,v5-possession-expanded,v2-positional-value,100,Medium,0.44,0.0,229,248,3,-19
4277951,Luka Garza,BOS,C,C,verified season statistics,63,55,v5-possession-expanded,v2-positional-value,100,Medium,0.1,0.0,227,349,-8,-122
4351852,Mitchell Robinson,BOS,C,C,verified season statistics,64,66,v5-possession-expanded,v2-positional-value,100,Medium,0.21,0.88,211,246,2,-35
4397424,Neemias Queta,BOS,C,C,verified season statistics,69,66,v5-possession-expanded,v2-positional-value,100,Medium,0.0,0.0,113,247,-3,-134
4065648,Jayson Tatum,BOS,PF,F,verified season statistics,74,78,v5-possession-expanded,v2-positional-value,100,Medium,0.01,0.0,42,23,4,19
4683689,Jordan Walsh,BOS,PF,F,verified season statistics,60,67,v5-possession-expanded,v2-positional-value,86,Medium,0.32,0.0,280,224,7,56
4251,Paul George,BOS,PF,F,verified season statistics,72,75,v5-possession-expanded,v2-positional-value,100,Medium,0.0,0.44,72,68,3,4
4065804,Sam Hauser,BOS,PF,F,verified season statistics,64,73,v5-possession-expanded,v2-positional-value,100,Medium,0.94,1.01,217,102,9,115
3195,Mike Conley,BOS,PG,G,verified season statistics,64,76,v5-possession-expanded,v2-positional-value,100,Medium,0.07,0.22,210,51,12,159
4066354,Payton Pritchard,BOS,PG,G,verified season statistics,72,84,v5-possession-expanded,v2-positional-value,100,Medium,0.0,1.17,73,1,12,72
4593841,Baylor Scheierman,BOS,SG,G,verified season statistics,62,65,v5-possession-expanded,v2-positional-value,88,Medium,0.21,0.0,235,257,3,-22
3078576,Derrick White,BOS,SG,G,verified season statistics,76,79,v5-possession-expanded,v2-positional-value,100,Medium,0.0,0.22,24,15,3,9
4432194,Day'Ron Sharpe,BKN,C,C,verified season statistics,73,68,v5-possession-expanded,v2-positional-value,100,Medium,0.15,0.22,51,200,-5,-149
3150844,Moritz Wagner,BKN,C,C,verified season statistics,73,63,v5-possession-expanded,v2-positional-value,100,Medium,0.01,0.35,58,297,-10,-239
3064514,Julius Randle,BKN,PF,F,verified season statistics,67,71,v5-possession-expanded,v2-positional-value,100,Medium,0.2,0.0,142,142,4,0
4712896,Noah Clowney,BKN,PF,F,verified season statistics,56,61,v5-possession-expanded,v2-positional-value,100,Medium,0.96,0.0,334,324,5,10
4687718,Josh Minott,BKN,SF,F,verified season statistics,61,67,v5-possession-expanded,v2-positional-value,83,Medium,0.17,0.0,262,225,6,37
4278104,Michael Porter Jr.,BKN,SF,F,verified season statistics,69,75,v5-possession-expanded,v2-positional-value,100,Medium,0.22,0.31,112,66,6,46
4702177,Keon Ellis,BKN,SG,G,verified season statistics,69,72,v5-possession-expanded,v2-positional-value,100,Medium,0.75,1.44,111,118,3,-7
3907823,Terance Mann,BKN,SG,G,verified season statistics,65,72,v5-possession-expanded,v2-positional-value,100,Medium,0.08,0.0,193,123,7,70
4433249,Moussa Diabate,CHA,C,C,verified season statistics,65,63,v5-possession-expanded,v2-positional-value,100,Medium,0.08,0.14,188,298,-2,-110
4396971,Naz Reid,CHA,C,C,verified season statistics,72,68,v5-possession-expanded,v2-positional-value,100,Medium,0.0,0.14,71,208,-4,-137
2578185,Dorian Finney-Smith,CHA,PF,F,verified season statistics,58,63,v5-possession-expanded,v2-positional-value,100,Medium,1.55,0.0,308,288,5,20
4066218,Grant Williams,CHA,PF,F,verified season statistics,61,66,v5-possession-expanded,v2-positional-value,100,Medium,1.02,0.0,257,239,5,18
5211176,Tidjane Salaun,CHA,PF,F,verified season statistics,52,58,v5-possession-expanded,v2-positional-value,100,Medium,1.83,0.0,353,341,6,12
3032979,Dennis Schroder,CHA,PG,G,verified season statistics,58,69,v5-possession-expanded,v2-positional-value,100,Medium,0.02,0.0,307,173,11,134
4433287,Brandon Miller,CHA,SF,F,verified season statistics,63,68,v5-possession-expanded,v2-positional-value,100,Medium,0.01,0.0,221,198,5,23
2583632,Royce O'Neale,CHA,SF,F,verified season statistics,65,71,v5-possession-expanded,v2-positional-value,100,Medium,1.3,0.22,192,148,6,44
4395651,Coby White,CHA,SG,G,verified season statistics,62,72,v5-possession-expanded,v2-positional-value,100,Medium,0.01,0.0,238,107,10,131
3135045,Grayson Allen,CHA,SG,G,verified season statistics,65,71,v5-possession-expanded,v2-positional-value,100,Medium,0.44,0.28,178,137,6,41
2578239,Pat Connaughton,CHA,SG,G,verified season statistics,58,63,v5-possession-expanded,v2-positional-value,100,Medium,0.92,0.0,315,299,5,16
4017844,Guerschon Yabusele,CHI,C,C,verified season statistics,68,59,v5-possession-expanded,v2-positional-value,100,Medium,0.26,0.0,126,337,-9,-211
4397189,Jalen Smith,CHI,C,C,verified season statistics,73,72,v5-possession-expanded,v2-positional-value,100,Medium,0.0,0.35,53,112,-1,-59
4278067,Nic Claxton,CHI,C,C,verified season statistics,75,73,v5-possession-expanded,v2-positional-value,100,Medium,0.0,0.44,35,98,-2,-63
4066650,Zach Collins,CHI,C,C,verified season statistics,74,69,v5-possession-expanded,v2-positional-value,100,Medium,0.0,0.0,49,195,-5,-146
4431687,Patrick Williams,CHI,PF,F,verified season statistics,57,62,v5-possession-expanded,v2-positional-value,100,Medium,0.95,0.0,324,315,5,9
4871145,Josh Giddey,CHI,PG,G,verified season statistics,74,71,v5-possession-expanded,v2-positional-value,100,Medium,0.63,0.17,43,141,-3,-98
4684275,Rob Dillingham,CHI,PG,G,verified season statistics,62,66,v5-possession-expanded,v2-positional-value,100,Medium,0.37,0.0,252,252,4,0
4395626,Tre Jones,CHI,PG,G,verified season statistics,67,76,v5-possession-expanded,v2-positional-value,100,Medium,0.01,0.0,153,53,9,100
4711294,Matas Buzelis,CHI,SF,F,verified season statistics,62,69,v5-possession-expanded,v2-positional-value,100,Medium,0.49,0.95,249,187,7,62
4432822,Isaac Okoro,CHI,SG,G,verified season statistics,60,65,v5-possession-expanded,v2-positional-value,100,Medium,1.12,0.0,275,261,5,14
2595516,Norman Powell,CHI,SG,G,verified season statistics,61,69,v5-possession-expanded,v2-positional-value,100,Medium,1.1,0.19,266,190,8,76
4066328,Jarrett Allen,CLE,C,C,verified season statistics,79,75,v5-possession-expanded,v2-positional-value,100,Medium,0.0,0.87,8,62,-4,-54
3934723,Thomas Bryant,CLE,C,C,verified season statistics,67,64,v5-possession-expanded,v2-positional-value,100,Medium,0.0,0.0,152,281,-3,-129
4432158,Evan Mobley,CLE,PF,F,verified season statistics,78,82,v5-possession-expanded,v2-positional-value,100,Medium,0.0,1.73,13,5,4,8
4701233,Craig Porter Jr.,CLE,PG,G,verified season statistics,68,69,v5-possession-expanded,v2-positional-value,100,Medium,0.28,0.0,120,171,1,-51
3992,James Harden,CLE,PG,G,verified season statistics,71,71,v5-possession-expanded,v2-positional-value,100,Medium,0.8,0.0,79,139,0,-60
4576087,Peyton Watson,CLE,SF,F,verified season statistics,60,64,v5-possession-expanded,v2-positional-value,100,Medium,1.39,1.03,284,277,4,7
3908809,Donovan Mitchell,CLE,SG,G,verified season statistics,71,78,v5-possession-expanded,v2-positional-value,100,Medium,0.0,0.33,77,22,7,55
4683747,Jaylon Tyson,CLE,SG,G,verified season statistics,61,64,v5-possession-expanded,v2-positional-value,100,Medium,0.24,0.0,261,270,3,-9
4066757,Sam Merrill,CLE,SG,G,verified season statistics,61,70,v5-possession-expanded,v2-positional-value,100,Medium,0.88,0.0,267,166,9,101
4278049,Daniel Gafford,DAL,C,C,verified season statistics,76,75,v5-possession-expanded,v2-positional-value,100,Medium,0.0,0.75,23,58,-1,-35
4683688,Dereck Lively II,DAL,C,C,verified season statistics,74,73,v5-possession-expanded,v2-positional-value,100,Medium,0.0,0.23,38,92,-1,-54
4278078,P.J. Washington,DAL,PF,F,verified season statistics,67,71,v5-possession-expanded,v2-positional-value,100,Medium,0.1,0.11,151,147,4,4
4593125,Santi Aldama,DAL,PF,F,verified season statistics,73,77,v5-possession-expanded,v2-positional-value,100,Medium,0.12,0.0,59,38,4,21
4432107,Marcus Sasser,DAL,PG,G,verified season statistics,66,74,v5-possession-expanded,v2-positional-value,100,Medium,0.1,0.0,164,81,8,83
3138160,Caleb Martin,DAL,SF,F,verified season statistics,58,65,v5-possession-expanded,v2-positional-value,100,Medium,0.49,0.0,304,258,7,46
5105806,Jett Howard,DAL,SF,F,verified season statistics,58,64,v5-possession-expanded,v2-positional-value,100,Medium,0.51,0.0,311,271,6,40
4278594,Naji Marshall,DAL,SF,F,verified season statistics,67,71,v5-possession-expanded,v2-positional-value,100,Medium,0.04,0.0,148,145,4,3
5211175,Zaccharie Risacher,DAL,SF,F,verified season statistics,60,66,v5-possession-expanded,v2-positional-value,100,Medium,0.28,0.0,287,255,6,32
6442,Kyrie Irving,DAL,SG,G,verified season statistics,75,82,v5-possession-expanded,v2-positional-value,100,Medium,0.0,0.3,34,7,7,27
4432582,Max Christie,DAL,SG,G,verified season statistics,56,59,v5-possession-expanded,v2-positional-value,100,Medium,1.05,0.0,333,339,3,-6
4277848,Marvin Bagley III,DEN,C,C,verified season statistics,66,61,v5-possession-expanded,v2-positional-value,100,Medium,0.0,0.0,165,323,-5,-158
3112335,Nikola Jokic,DEN,C,C,verified season statistics,89,79,v5-possession-expanded,v2-positional-value,100,Medium,0.0,3.6,1,18,-10,-17
3064290,Aaron Gordon,DEN,PF,F,verified season statistics,69,76,v5-possession-expanded,v2-positional-value,100,Medium,0.12,0.22,102,41,7,61
3138196,Cameron Johnson,DEN,PF,F,verified season statistics,70,77,v5-possession-expanded,v2-positional-value,100,Medium,0.01,0.47,91,30,7,61
4593041,David Roddy,DEN,PF,F,verified season statistics,58,63,v5-possession-expanded,v2-positional-value,100,Medium,0.73,0.0,306,287,5,19
4431690,Zeke Nnaji,DEN,PF,F,verified season statistics,59,67,v5-possession-expanded,v2-positional-value,100,Medium,0.65,0.62,302,233,8,69
3936299,Jamal Murray,DEN,PG,G,verified season statistics,71,79,v5-possession-expanded,v2-positional-value,100,Medium,0.0,0.0,78,16,8,62
4683834,KJ Simpson,DEN,PG,G,verified season statistics,59,63,v5-possession-expanded,v2-positional-value,100,Medium,0.64,0.0,293,295,4,-2
3135046,Tyus Jones,DEN,PG,G,verified season statistics,67,81,v5-possession-expanded,v2-positional-value,100,Medium,0.0,0.22,155,11,14,144
3978,DeMar DeRozan,DEN,SF,F,verified season statistics,68,71,v5-possession-expanded,v2-positional-value,100,Medium,0.11,0.31,122,133,3,-11
4431767,Christian Braun,DEN,SG,G,verified season statistics,69,75,v5-possession-expanded,v2-positional-value,100,Medium,0.16,0.44,105,56,6,49
4432181,Julian Strawther,DEN,SG,G,verified season statistics,58,62,v5-possession-expanded,v2-positional-value,100,Medium,0.6,0.0,313,312,4,1
4277890,Lonnie Walker IV,DEN,SG,G,verified season statistics,59,68,v5-possession-expanded,v2-positional-value,100,Medium,0.12,0.0,295,206,9,89
4433621,Jalen Duren,DET,C,C,verified season statistics,75,71,v5-possession-expanded,v2-positional-value,100,Medium,0.0,0.59,30,138,-4,-108
4278562,Paul Reed,DET,C,C,verified season statistics,76,73,v5-possession-expanded,v2-positional-value,100,Medium,0.0,1.94,27,100,-3,-73
5107818,Isaac Jones,DET,PF,F,verified season statistics,61,66,v5-possession-expanded,v2-positional-value,65,Medium,0.47,0.0,258,240,5,18
3908845,John Collins,DET,PF,F,verified season statistics,71,77,v5-possession-expanded,v2-positional-value,100,Medium,0.02,0.86,80,34,6,46
4432166,Cade Cunningham,DET,PG,G,verified season statistics,68,68,v5-possession-expanded,v2-positional-value,100,Medium,0.76,0.0,118,199,0,-81
4684742,Ausar Thompson,DET,SF,F,verified season statistics,70,74,v5-possession-expanded,v2-positional-value,100,Medium,0.58,1.47,88,71,4,17
3157465,Duncan Robinson,DET,SF,F,verified season statistics,61,67,v5-possession-expanded,v2-positional-value,100,Medium,0.6,0.33,256,215,6,41
2990962,Taurean Prince,DET,SF,F,verified season statistics,58,64,v5-possession-expanded,v2-positional-value,100,Medium,1.31,0.0,316,280,6,36
2999547,Gary Harris,DET,SG,G,verified season statistics,54,63,v5-possession-expanded,v2-positional-value,100,Medium,1.25,0.0,344,289,9,55
4395702,Isaiah Joe,DET,SG,G,verified season statistics,65,75,v5-possession-expanded,v2-positional-value,100,Medium,0.36,0.67,179,60,10,119
2596112,Javonte Green,DET,SG,G,verified season statistics,62,62,v5-possession-expanded,v2-positional-value,100,Medium,1.56,0.77,242,309,0,-67
4066372,Kevin Huerter,DET,SG,G,verified season statistics,70,75,v5-possession-expanded,v2-positional-value,100,Medium,0.33,0.53,98,63,5,35
4592187,Wendell Moore Jr.,DET,SG,G,verified season statistics,63,62,v5-possession-expanded,v2-positional-value,87,Medium,0.5,0.0,234,317,-1,-83
3213,Al Horford,GSW,C,C,verified season statistics,73,71,v5-possession-expanded,v2-positional-value,100,Medium,0.0,0.64,50,126,-2,-76
4397886,Charles Bassey,GSW,C,C,verified season statistics,68,62,v5-possession-expanded,v2-positional-value,100,Medium,0.0,0.0,119,307,-6,-188
3102531,Kristaps Porzingis,GSW,C,C,verified season statistics,75,70,v5-possession-expanded,v2-positional-value,100,Medium,0.0,0.57,33,163,-5,-130
6589,Draymond Green,GSW,PF,F,verified season statistics,72,70,v5-possession-expanded,v2-positional-value,100,Medium,1.29,0.52,66,153,-2,-87
2990969,Georges Niang,GSW,PF,F,verified season statistics,62,69,v5-possession-expanded,v2-positional-value,100,Medium,0.92,0.43,240,175,7,65
4997536,Gui Santos,GSW,PF,F,verified season statistics,64,70,v5-possession-expanded,v2-positional-value,100,Medium,0.21,0.0,200,154,6,46
52131,Brandon Williams,GSW,PG,G,verified season statistics,63,67,v5-possession-expanded,v2-positional-value,95,Medium,0.12,0.0,222,212,4,10
3975,Stephen Curry,GSW,PG,G,verified season statistics,73,79,v5-possession-expanded,v2-positional-value,100,Medium,0.33,0.95,61,19,6,42
4709138,Brandin Podziemski,GSW,SG,G,verified season statistics,69,76,v5-possession-expanded,v2-positional-value,100,Medium,0.0,0.0,104,44,7,60
4066436,De'Anthony Melton,GSW,SG,G,verified season statistics,64,70,v5-possession-expanded,v2-positional-value,100,Medium,0.03,1.04,196,151,6,45
3134903,Gary Payton II,GSW,SG,G,verified season statistics,75,74,v5-possession-expanded,v2-positional-value,100,Medium,0.28,1.25,29,74,-1,-45
4432171,Moses Moody,GSW,SG,G,verified season statistics,65,69,v5-possession-expanded,v2-positional-value,100,Medium,0.42,0.0,187,188,4,-1
4871144,Alperen Sengun,HOU,C,C,verified season statistics,77,68,v5-possession-expanded,v2-positional-value,100,Medium,0.0,0.46,18,197,-9,-179
3102529,Clint Capela,HOU,C,C,verified season statistics,69,69,v5-possession-expanded,v2-positional-value,100,Medium,0.08,0.0,106,170,0,-64
2991235,Steven Adams,HOU,C,C,verified season statistics,64,64,v5-possession-expanded,v2-positional-value,100,Medium,0.18,0.0,218,279,0,-61
4432639,Jabari Smith Jr.,HOU,PF,F,verified season statistics,61,69,v5-possession-expanded,v2-positional-value,100,Medium,0.18,0.0,259,179,8,80
3202,Kevin Durant,HOU,PF,F,verified season statistics,77,81,v5-possession-expanded,v2-positional-value,100,Medium,0.04,0.87,19,10,4,9
4433192,Tari Eason,HOU,PF,F,verified season statistics,68,77,v5-possession-expanded,v2-positional-value,100,Medium,0.44,2.02,134,39,9,95
2991230,Fred VanVleet,HOU,PG,G,verified season statistics,63,76,v5-possession-expanded,v2-positional-value,100,Medium,0.0,0.22,225,47,13,178
2990992,Marcus Smart,HOU,PG,G,verified season statistics,64,67,v5-possession-expanded,v2-positional-value,100,Medium,1.1,0.77,209,229,3,-20
4711272,Reed Sheppard,HOU,PG,G,verified season statistics,64,66,v5-possession-expanded,v2-positional-value,100,Medium,0.26,0.0,214,251,2,-37
4684740,Amen Thompson,HOU,SF,F,verified season statistics,78,81,v5-possession-expanded,v2-positional-value,100,Medium,0.03,1.55,11,9,3,2
3136777,Jae'Sean Tate,HOU,SF,F,verified season statistics,64,70,v5-possession-expanded,v2-positional-value,100,Medium,0.26,0.06,203,156,6,47
3037789,Bogdan Bogdanovic,HOU,SG,G,verified season statistics,62,71,v5-possession-expanded,v2-positional-value,100,Medium,0.0,0.0,236,129,9,107
4017837,Ivica Zubac,IND,C,C,verified season statistics,74,74,v5-possession-expanded,v2-positional-value,100,Medium,0.0,0.66,41,75,0,-34
4065731,Jay Huff,IND,C,C,verified season statistics,65,60,v5-possession-expanded,v2-positional-value,100,Medium,0.02,0.0,182,329,-5,-147
5106060,Jarace Walker,IND,PF,F,verified season statistics,70,73,v5-possession-expanded,v2-positional-value,100,Medium,0.16,0.28,95,95,3,0
4431752,Kobe Brown,IND,PF,F,verified season statistics,59,66,v5-possession-expanded,v2-positional-value,100,Medium,0.4,0.0,294,243,7,51
2580365,Larry Nance Jr.,IND,PF,F,verified season statistics,73,77,v5-possession-expanded,v2-positional-value,100,Medium,0.56,0.58,56,37,4,19
4278355,Obi Toppin,IND,PF,F,verified season statistics,74,78,v5-possession-expanded,v2-positional-value,100,Medium,0.26,0.84,44,25,4,19
3149673,Pascal Siakam,IND,PF,F,verified season statistics,74,78,v5-possession-expanded,v2-positional-value,100,Medium,0.04,0.0,45,26,4,19
4592829,Quenton Jackson,IND,PG,G,verified season statistics,62,66,v5-possession-expanded,v2-positional-value,100,Medium,0.15,0.0,251,250,4,1
2530530,T.J. McConnell,IND,PG,G,verified season statistics,74,78,v5-possession-expanded,v2-positional-value,100,Medium,0.06,0.74,47,27,4,20
4396993,Tyrese Haliburton,IND,PG,G,verified season statistics,78,83,v5-possession-expanded,v2-positional-value,100,Medium,0.0,0.22,16,4,5,12
4396909,Aaron Nesmith,IND,SF,F,verified season statistics,66,72,v5-possession-expanded,v2-positional-value,100,Medium,0.46,0.17,156,106,6,50
3133603,Kelly Oubre Jr.,IND,SF,F,verified season statistics,62,68,v5-possession-expanded,v2-positional-value,100,Medium,0.61,0.17,248,205,6,43
4395712,Andrew Nembhard,IND,SG,G,verified season statistics,63,70,v5-possession-expanded,v2-positional-value,100,Medium,0.23,0.0,220,149,7,71
4433076,Ben Sheppard,IND,SG,G,verified season statistics,56,63,v5-possession-expanded,v2-positional-value,100,Medium,0.86,0.0,326,285,7,41
5157066,Johnny Furphy,IND,SG,G,verified season statistics,59,60,v5-possession-expanded,v2-positional-value,88,Medium,0.78,0.0,292,330,1,-38
3448,Brook Lopez,LAC,C,C,verified season statistics,72,69,v5-possession-expanded,v2-positional-value,100,Medium,0.0,0.04,65,169,-3,-104
4432170,Isaiah Jackson,LAC,C,C,verified season statistics,68,63,v5-possession-expanded,v2-positional-value,100,Medium,0.04,0.0,127,290,-5,-163
4066648,Rui Hachimura,LAC,PF,F,verified season statistics,64,72,v5-possession-expanded,v2-positional-value,100,Medium,0.31,0.29,215,122,8,93
4396907,Darius Garland,LAC,PG,G,verified season statistics,66,76,v5-possession-expanded,v2-positional-value,100,Medium,0.19,0.0,160,45,10,115
2991139,Kris Dunn,LAC,PG,G,verified season statistics,70,75,v5-possession-expanded,v2-positional-value,100,Medium,0.09,1.14,99,64,5,35
4683749,TyTy Washington Jr.,LAC,PG,G,verified season statistics,66,66,v5-possession-expanded,v2-positional-value,87,Medium,0.33,0.0,168,254,0,-86
4683634,Bennedict Mathurin,LAC,SF,F,verified season statistics,56,62,v5-possession-expanded,v2-positional-value,100,Medium,0.52,0.0,327,305,6,22
3936099,Derrick Jones Jr.,LAC,SF,F,verified season statistics,63,68,v5-possession-expanded,v2-positional-value,100,Medium,0.51,0.0,224,201,5,23
4396818,Jordan Miller,LAC,SF,F,verified season statistics,60,66,v5-possession-expanded,v2-positional-value,100,Medium,0.35,0.0,279,242,6,37
6450,Kawhi Leonard,LAC,SF,F,verified season statistics,79,83,v5-possession-expanded,v2-positional-value,100,Medium,0.0,0.39,9,2,4,7
4065778,Max Strus,LAC,SF,F,verified season statistics,61,66,v5-possession-expanded,v2-positional-value,100,Medium,0.94,0.0,265,245,5,20
6580,Bradley Beal,LAC,SG,G,verified season statistics,72,76,v5-possession-expanded,v2-positional-value,100,Medium,0.22,0.12,64,43,4,21
4398390,Jalen Pickett,LAC,SG,G,verified season statistics,63,70,v5-possession-expanded,v2-positional-value,100,Medium,0.03,0.0,226,157,7,69
3155535,Kevon Looney,LAL,C,C,verified season statistics,73,69,v5-possession-expanded,v2-positional-value,100,Medium,0.0,0.18,55,185,-4,-130
4433136,Walker Kessler,LAL,C,C,verified season statistics,71,73,v5-possession-expanded,v2-positional-value,100,Medium,0.0,0.48,86,104,2,-18
4592691,Jake LaRavia,LAL,PF,F,verified season statistics,64,69,v5-possession-expanded,v2-positional-value,100,Medium,0.61,0.06,204,181,5,23
4278077,Jarred Vanderbilt,LAL,PF,F,verified season statistics,65,72,v5-possession-expanded,v2-positional-value,100,Medium,0.57,1.57,181,113,7,68
4278580,Sandro Mamukelashvili,LAL,PF,F,verified season statistics,69,74,v5-possession-expanded,v2-positional-value,100,Medium,0.05,0.0,115,83,5,32
3945274,Luka Doncic,LAL,PG,G,verified season statistics,81,79,v5-possession-expanded,v2-positional-value,100,Medium,0.33,0.39,5,17,-2,-12
4897943,Dalton Knecht,LAL,SF,F,verified season statistics,58,66,v5-possession-expanded,v2-positional-value,100,Medium,0.32,0.0,305,236,8,69
4433137,Ziaire Williams,LAL,SF,F,verified season statistics,58,62,v5-possession-expanded,v2-positional-value,100,Medium,1.07,0.0,317,319,4,-2
4066457,Austin Reaves,LAL,SG,G,verified season statistics,70,75,v5-possession-expanded,v2-positional-value,100,Medium,0.19,0.0,89,54,5,35
4277811,Collin Sexton,LAL,SG,G,verified season statistics,65,73,v5-possession-expanded,v2-positional-value,100,Medium,0.51,0.0,176,89,8,87
4868423,Jaden Hardy,LAL,SG,G,verified season statistics,55,63,v5-possession-expanded,v2-positional-value,100,Medium,0.84,0.0,336,291,8,45
3907498,Matisse Thybulle,LAL,SG,G,verified season statistics,60,65,v5-possession-expanded,v2-positional-value,100,Medium,1.06,1.61,282,264,5,18
4397014,Quentin Grimes,LAL,SG,G,verified season statistics,62,70,v5-possession-expanded,v2-positional-value,100,Medium,0.0,0.0,250,164,8,86
4432810,Isaiah Stewart,MEM,C,C,verified season statistics,67,67,v5-possession-expanded,v2-positional-value,100,Medium,0.0,0.0,138,216,0,-78
4600663,Zach Edey,MEM,C,C,verified season statistics,72,72,v5-possession-expanded,v2-positional-value,100,Medium,0.0,0.24,74,125,0,-51
2991070,Jerami Grant,MEM,PF,F,verified season statistics,56,62,v5-possession-expanded,v2-positional-value,100,Medium,0.95,0.0,329,311,6,18
4595400,Olivier-Maxence Prosper,MEM,PF,F,verified season statistics,58,64,v5-possession-expanded,v2-positional-value,100,Medium,1.16,0.0,314,274,6,40
4593016,Quinten Post,MEM,PF,F,verified season statistics,68,73,v5-possession-expanded,v2-positional-value,100,Medium,0.11,0.0,132,101,5,31
4684806,Taylor Hendricks,MEM,PF,F,verified season statistics,63,70,v5-possession-expanded,v2-positional-value,100,Medium,0.11,0.0,230,167,7,63
3136776,D'Angelo Russell,MEM,PG,G,verified season statistics,68,75,v5-possession-expanded,v2-positional-value,100,Medium,0.05,0.0,121,57,7,64
4431785,Scotty Pippen Jr.,MEM,PG,G,verified season statistics,73,74,v5-possession-expanded,v2-positional-value,100,Medium,0.7,1.16,60,85,1,-25
4594326,Kris Murray,MEM,SF,F,verified season statistics,55,59,v5-possession-expanded,v2-positional-value,100,Medium,1.87,0.0,341,338,4,3
5112087,Jaylen Wells,MEM,SG,G,verified season statistics,55,64,v5-possession-expanded,v2-positional-value,100,Medium,0.3,0.0,337,269,9,68
4683750,Jordan Hawkins,MEM,SG,G,verified season statistics,53,57,v5-possession-expanded,v2-positional-value,100,Medium,1.22,0.0,348,342,4,6
4065733,Ty Jerome,MEM,SG,G,verified season statistics,73,82,v5-possession-expanded,v2-positional-value,100,Medium,0.0,0.55,62,8,9,54
4066261,Bam Adebayo,MIA,C,C,verified season statistics,75,66,v5-possession-expanded,v2-positional-value,100,Medium,0.0,0.04,28,235,-9,-207
4278076,Nick Richards,MIA,C,C,verified season statistics,67,68,v5-possession-expanded,v2-positional-value,100,Medium,0.0,0.0,149,209,1,-60
3064482,Bobby Portis,MIA,PF,F,verified season statistics,72,78,v5-possession-expanded,v2-positional-value,100,Medium,0.02,0.75,63,20,6,43
3032977,Giannis Antetokounmpo,MIA,PF,F,verified season statistics,80,82,v5-possession-expanded,v2-positional-value,100,Medium,0.0,0.97,7,6,2,1
4997528,Nikola Jovic,MIA,PF,F,verified season statistics,67,71,v5-possession-expanded,v2-positional-value,100,Medium,0.23,0.0,150,146,4,4
4278053,Davion Mitchell,MIA,PG,G,verified season statistics,56,67,v5-possession-expanded,v2-positional-value,100,Medium,0.18,0.0,328,214,11,114
3059319,Andrew Wiggins,MIA,SF,F,verified season statistics,66,71,v5-possession-expanded,v2-positional-value,100,Medium,0.02,0.0,157,127,5,30
6475,Klay Thompson,MIA,SF,F,verified season statistics,64,70,v5-possession-expanded,v2-positional-value,100,Medium,0.16,0.27,208,162,6,46
3899664,Simone Fontecchio,MIA,SF,F,verified season statistics,55,61,v5-possession-expanded,v2-positional-value,100,Medium,0.97,0.0,342,326,6,16
4066993,Dru Smith,MIA,SG,G,verified season statistics,62,65,v5-possession-expanded,v2-positional-value,100,Medium,0.17,0.0,239,260,3,-21
4601025,Pelle Larsson,MIA,SG,G,verified season statistics,59,64,v5-possession-expanded,v2-positional-value,100,Medium,0.36,0.0,298,276,5,22
2528210,Tim Hardaway Jr.,MIA,SG,G,verified season statistics,54,64,v5-possession-expanded,v2-positional-value,100,Medium,0.49,0.0,346,282,10,64
4277922,Jericho Sims,MIL,C,C,verified season statistics,56,61,v5-possession-expanded,v2-positional-value,100,Medium,0.0,0.0,330,322,5,8
5105623,Kel'el Ware,MIL,C,C,verified season statistics,71,70,v5-possession-expanded,v2-positional-value,100,Medium,0.0,0.11,82,161,-1,-79
3133628,Myles Turner,MIL,C,C,verified season statistics,71,69,v5-possession-expanded,v2-positional-value,100,Medium,0.0,0.24,84,189,-2,-105
4997526,Ousmane Dieng,MIL,C,C,verified season statistics,64,56,v5-possession-expanded,v2-positional-value,100,Medium,0.04,0.0,213,347,-8,-134
3134907,Kyle Kuzma,MIL,PF,F,verified season statistics,65,67,v5-possession-expanded,v2-positional-value,100,Medium,0.73,0.0,185,228,2,-43
4591725,Ryan Rollins,MIL,PG,G,verified season statistics,68,69,v5-possession-expanded,v2-positional-value,100,Medium,0.33,0.0,133,193,1,-60
2991043,Caris LeVert,MIL,SF,F,verified season statistics,65,71,v5-possession-expanded,v2-positional-value,100,Medium,0.23,0.06,175,131,6,44
4432848,Jaime Jaquez Jr.,MIL,SF,F,verified season statistics,65,69,v5-possession-expanded,v2-positional-value,100,Medium,0.21,0.06,180,180,4,0
4397475,AJ Green,MIL,SG,G,verified season statistics,52,65,v5-possession-expanded,v2-positional-value,88,Medium,1.0,0.0,349,256,13,93
4277843,Gary Trent Jr.,MIL,SG,G,verified season statistics,58,72,v5-possession-expanded,v2-positional-value,100,Medium,0.39,0.22,309,110,14,199
4397140,Kevin Porter Jr.,MIL,SG,G,verified season statistics,65,64,v5-possession-expanded,v2-positional-value,100,Medium,1.72,0.33,184,272,-1,-88
4395725,Tyler Herro,MIL,SG,G,verified season statistics,66,74,v5-possession-expanded,v2-positional-value,100,Medium,0.06,0.0,169,86,8,83
3032976,Rudy Gobert,MIN,C,C,verified season statistics,69,69,v5-possession-expanded,v2-positional-value,100,Medium,0.01,0.6,114,192,0,-78
4431671,Jaden McDaniels,MIN,PF,F,verified season statistics,67,72,v5-possession-expanded,v2-positional-value,100,Medium,0.09,0.0,139,111,5,28
4433247,Jonathan Kuminga,MIN,PF,F,verified season statistics,68,71,v5-possession-expanded,v2-positional-value,100,Medium,0.22,0.0,130,140,3,-10
3136196,Trey Lyles,MIN,PF,F,verified season statistics,63,67,v5-possession-expanded,v2-positional-value,100,Medium,1.03,0.0,233,232,4,1
4592492,Bones Hyland,MIN,PG,G,verified season statistics,62,67,v5-possession-expanded,v2-positional-value,100,Medium,0.35,0.0,237,211,5,26
4432816,LaMelo Ball,MIN,PG,G,verified season statistics,67,69,v5-possession-expanded,v2-positional-value,100,Medium,0.54,0.0,145,186,2,-41
5105553,Julian Phillips,MIN,SF,F,verified season statistics,55,63,v5-possession-expanded,v2-positional-value,100,Medium,0.77,0.0,339,294,8,45
4594268,Anthony Edwards,MIN,SG,G,verified season statistics,69,70,v5-possession-expanded,v2-positional-value,100,Medium,0.65,0.0,103,150,1,-47
4397002,Ayo Dosunmu,MIN,SG,G,verified season statistics,65,74,v5-possession-expanded,v2-positional-value,100,Medium,0.0,0.0,173,72,9,101
4895758,Cody Williams,MIN,SG,G,verified season statistics,52,54,v5-possession-expanded,v2-positional-value,100,Medium,1.76,0.0,351,351,2,0
3934673,Donte DiVincenzo,MIN,SG,G,verified season statistics,67,71,v5-possession-expanded,v2-positional-value,100,Medium,0.22,0.39,137,134,4,3
4432247,Jaylen Clark,MIN,SG,G,verified season statistics,57,62,v5-possession-expanded,v2-positional-value,100,Medium,0.77,0.0,322,310,5,12
3134932,John Konchar,MIN,SG,G,verified season statistics,67,67,v5-possession-expanded,v2-positional-value,100,Medium,0.83,1.06,140,222,0,-82
4432847,Terrence Shannon Jr.,MIN,SG,G,verified season statistics,63,63,v5-possession-expanded,v2-positional-value,87,Medium,0.34,0.0,231,301,0,-70
3442,DeAndre Jordan,NOP,C,C,verified season statistics,64,64,v5-possession-expanded,v2-positional-value,100,Medium,0.06,0.0,197,267,0,-70
3986,Taj Gibson,NOP,C,C,verified season statistics,60,57,v5-possession-expanded,v2-positional-value,100,Medium,0.04,0.0,286,345,-3,-59
5061589,Yves Missi,NOP,C,C,verified season statistics,59,62,v5-possession-expanded,v2-positional-value,100,Medium,0.75,0.0,301,318,3,-17
4997538,Karlo Matkovic,NOP,PF,F,verified season statistics,67,72,v5-possession-expanded,v2-positional-value,100,Medium,0.06,0.0,143,116,5,27
4431675,Trendon Watford,NOP,PF,F,verified season statistics,69,73,v5-possession-expanded,v2-positional-value,100,Medium,0.02,0.0,116,103,4,13
4395628,Zion Williamson,NOP,PF,F,verified season statistics,78,78,v5-possession-expanded,v2-positional-value,100,Medium,0.02,0.0,17,28,0,-11
3907497,Dejounte Murray,NOP,PG,G,verified season statistics,68,73,v5-possession-expanded,v2-positional-value,100,Medium,0.18,0.39,123,91,5,32
4277813,Herbert Jones,NOP,SF,F,verified season statistics,66,70,v5-possession-expanded,v2-positional-value,100,Medium,0.52,0.49,161,155,4,6
4397688,Trey Murphy III,NOP,SF,F,verified season statistics,70,75,v5-possession-expanded,v2-positional-value,100,Medium,0.02,0.19,101,69,5,32
5170947,AJ Johnson,NOP,SG,G,verified season statistics,60,62,v5-possession-expanded,v2-positional-value,84,Medium,0.59,0.0,271,304,2,-33
4576086,Bryce McGowens,NOP,SG,G,verified season statistics,52,55,v5-possession-expanded,v2-positional-value,100,Medium,1.14,0.0,350,348,3,2
4277956,Jordan Poole,NOP,SG,G,verified season statistics,64,68,v5-possession-expanded,v2-positional-value,100,Medium,0.76,0.0,206,203,4,3
6585,Andre Drummond,NYK,C,C,verified season statistics,67,66,v5-possession-expanded,v2-positional-value,100,Medium,0.36,1.81,136,234,-1,-98
3136195,Karl-Anthony Towns,NYK,C,C,verified season statistics,75,69,v5-possession-expanded,v2-positional-value,100,Medium,0.0,0.82,32,184,-6,-152
3934719,OG Anunoby,NYK,PF,F,verified season statistics,66,74,v5-possession-expanded,v2-positional-value,100,Medium,0.13,0.66,167,82,8,85
3934672,Jalen Brunson,NYK,PG,G,verified season statistics,66,77,v5-possession-expanded,v2-positional-value,100,Medium,0.0,0.0,162,32,11,130
4277869,Jose Alvarado,NYK,PG,G,verified season statistics,62,72,v5-possession-expanded,v2-positional-value,100,Medium,0.06,0.74,245,114,10,131
4431823,Miles McBride,NYK,PG,G,verified season statistics,59,75,v5-possession-expanded,v2-positional-value,100,Medium,0.0,0.11,297,67,16,230
3147657,Mikal Bridges,NYK,SF,F,verified season statistics,67,73,v5-possession-expanded,v2-positional-value,100,Medium,0.03,0.3,147,97,6,50
2528426,Jordan Clarkson,NYK,SG,G,verified season statistics,58,63,v5-possession-expanded,v2-positional-value,100,Medium,1.0,0.0,312,293,5,19
3062679,Josh Hart,NYK,SG,G,verified season statistics,69,72,v5-possession-expanded,v2-positional-value,100,Medium,0.08,0.0,110,115,3,-5
3914044,Landry Shamet,NYK,SG,G,verified season statistics,56,64,v5-possession-expanded,v2-positional-value,100,Medium,0.66,0.0,331,273,8,58
4433255,Chet Holmgren,OKC,C,C,verified season statistics,76,73,v5-possession-expanded,v2-positional-value,100,Medium,0.0,0.42,22,88,-3,-66
4222252,Isaiah Hartenstein,OKC,C,C,verified season statistics,78,73,v5-possession-expanded,v2-positional-value,100,Medium,0.0,0.47,14,94,-5,-80
4432823,Jaylin Williams,OKC,PF,F,verified season statistics,70,74,v5-possession-expanded,v2-positional-value,100,Medium,0.98,0.26,97,77,4,20
3133626,Kenrich Williams,OKC,PF,F,verified season statistics,72,78,v5-possession-expanded,v2-positional-value,100,Medium,0.1,0.12,69,24,6,45
4278073,Shai Gilgeous-Alexander,OKC,PG,G,verified season statistics,81,83,v5-possession-expanded,v2-positional-value,100,Medium,0.0,1.06,6,3,2,3
4900671,Ajay Mitchell,OKC,SG,G,verified season statistics,64,68,v5-possession-expanded,v2-positional-value,100,Medium,0.02,0.0,195,196,4,-1
2991350,Alex Caruso,OKC,SG,G,verified season statistics,70,74,v5-possession-expanded,v2-positional-value,100,Medium,0.34,1.58,87,70,4,17
4683692,Cason Wallace,OKC,SG,G,verified season statistics,70,79,v5-possession-expanded,v2-positional-value,100,Medium,0.1,1.11,92,14,9,78
4593803,Jalen Williams,OKC,SG,G,verified season statistics,76,80,v5-possession-expanded,v2-positional-value,100,Medium,0.0,0.54,25,12,4,13
4683778,Jared McCain,OKC,SG,G,verified season statistics,62,67,v5-possession-expanded,v2-positional-value,100,Medium,0.07,0.0,241,220,5,21
4397204,Colin Castleton,ORL,C,C,verified season statistics,63,54,v5-possession-expanded,v2-positional-value,55,Medium,0.0,0.0,223,352,-9,-129
4348700,Goga Bitadze,ORL,C,C,verified season statistics,74,71,v5-possession-expanded,v2-positional-value,100,Medium,0.0,0.02,40,136,-3,-96
6478,Nikola Vucevic,ORL,C,C,verified season statistics,76,72,v5-possession-expanded,v2-positional-value,100,Medium,0.0,0.61,26,121,-4,-95
4277847,Wendell Carter Jr.,ORL,C,C,verified season statistics,68,64,v5-possession-expanded,v2-positional-value,100,Medium,0.0,0.0,135,283,-4,-148
4065654,Jonathan Isaac,ORL,PF,F,verified season statistics,67,76,v5-possession-expanded,v2-positional-value,100,Medium,0.84,3.13,141,49,9,92
4432573,Paolo Banchero,ORL,PF,F,verified season statistics,65,66,v5-possession-expanded,v2-positional-value,100,Medium,0.98,0.0,190,249,1,-59
4712849,Anthony Black,ORL,PG,G,verified season statistics,59,59,v5-possession-expanded,v2-positional-value,100,Medium,1.45,0.11,289,336,0,-47
4432165,Jalen Suggs,ORL,PG,G,verified season statistics,69,67,v5-possession-expanded,v2-positional-value,100,Medium,1.08,0.92,108,218,-2,-110
3133635,Jevon Carter,ORL,PG,G,verified season statistics,62,70,v5-possession-expanded,v2-positional-value,100,Medium,0.1,0.0,243,158,8,85
4566434,Franz Wagner,ORL,SF,F,verified season statistics,69,73,v5-possession-expanded,v2-positional-value,100,Medium,0.1,0.0,107,93,4,14
4278572,Jamal Cain,ORL,SF,F,verified season statistics,61,67,v5-possession-expanded,v2-positional-value,100,Medium,0.17,0.0,260,219,6,41
4702382,Tristan da Silva,ORL,SF,F,verified season statistics,55,63,v5-possession-expanded,v2-positional-value,100,Medium,0.56,0.0,343,302,8,41
4066320,Desmond Bane,ORL,SG,G,verified season statistics,74,78,v5-possession-expanded,v2-positional-value,100,Medium,0.08,0.0,39,21,4,18
4565201,Malaki Branham,ORL,SG,G,verified season statistics,56,62,v5-possession-expanded,v2-positional-value,100,Medium,0.46,0.0,332,314,6,18
5105637,Adem Bona,PHI,C,C,verified season statistics,63,61,v5-possession-expanded,v2-positional-value,100,Medium,0.01,0.0,219,320,-2,-101
3059318,Joel Embiid,PHI,C,C,verified season statistics,81,73,v5-possession-expanded,v2-positional-value,100,Medium,0.0,1.06,4,96,-8,-92
3912848,Dean Wade,PHI,PF,F,verified season statistics,61,69,v5-possession-expanded,v2-positional-value,100,Medium,1.04,0.12,254,172,8,82
4431678,Tyrese Maxey,PHI,PG,G,verified season statistics,66,77,v5-possession-expanded,v2-positional-value,100,Medium,0.0,0.0,170,40,11,130
4702159,Dillon Jones,PHI,SF,F,verified season statistics,60,66,v5-possession-expanded,v2-positional-value,100,Medium,0.49,0.0,273,238,6,35
4870562,Dominick Barlow,PHI,SF,F,verified season statistics,64,69,v5-possession-expanded,v2-positional-value,100,Medium,0.37,0.0,198,174,5,24
4432446,Jabari Walker,PHI,SF,F,verified season statistics,60,67,v5-possession-expanded,v2-positional-value,100,Medium,0.49,0.33,276,217,7,59
3917376,Jaylen Brown,PHI,SF,F,verified season statistics,70,74,v5-possession-expanded,v2-positional-value,100,Medium,0.05,0.0,96,76,4,20
4711297,Justin Edwards,PHI,SF,F,verified season statistics,62,69,v5-possession-expanded,v2-positional-value,100,Medium,0.0,0.0,247,183,7,64
1966,LeBron James,PHI,SF,F,verified season statistics,78,80,v5-possession-expanded,v2-positional-value,100,Medium,0.0,0.19,15,13,2,2
4351851,Anfernee Simons,PHI,SG,G,verified season statistics,57,71,v5-possession-expanded,v2-positional-value,100,Medium,0.01,0.0,318,128,14,190
2581018,Kentavious Caldwell-Pope,PHI,SG,G,verified season statistics,61,67,v5-possession-expanded,v2-positional-value,100,Medium,1.06,0.22,264,227,6,37
5099752,Rayan Rupert,PHI,SG,G,verified season statistics,54,57,v5-possession-expanded,v2-positional-value,100,Medium,1.01,0.0,345,344,3,1
4701232,Mark Williams,PHX,C,C,verified season statistics,77,72,v5-possession-expanded,v2-positional-value,100,Medium,0.0,0.25,20,120,-5,-100
4066383,Miles Bridges,PHX,PF,F,verified season statistics,66,71,v5-possession-expanded,v2-positional-value,100,Medium,0.16,0.0,166,144,5,22
4601023,Oso Ighodaro,PHX,PF,F,verified season statistics,65,69,v5-possession-expanded,v2-positional-value,100,Medium,0.89,0.0,189,191,4,-2
4278585,Collin Gillespie,PHX,PG,G,verified season statistics,66,71,v5-possession-expanded,v2-positional-value,100,Medium,0.0,0.0,159,132,5,27
4278402,Jordan Goodwin,PHX,PG,G,verified season statistics,68,70,v5-possession-expanded,v2-positional-value,100,Medium,0.21,0.52,131,159,2,-28
4592714,Pat Spencer,PHX,PG,G,verified season statistics,75,64,v5-possession-expanded,v2-positional-value,68,Medium,0.5,0.0,36,275,-11,-239
3155526,Dillon Brooks,PHX,SF,F,verified season statistics,53,62,v5-possession-expanded,v2-positional-value,100,Medium,0.31,0.0,347,308,9,39
4291678,Haywood Highsmith,PHX,SF,F,verified season statistics,64,69,v5-possession-expanded,v2-positional-value,100,Medium,1.07,0.0,201,177,5,24
4888725,Ryan Dunn,PHX,SF,F,verified season statistics,64,70,v5-possession-expanded,v2-positional-value,100,Medium,0.67,0.0,216,165,6,51
3136193,Devin Booker,PHX,SG,G,verified season statistics,68,75,v5-possession-expanded,v2-positional-value,100,Medium,0.04,0.0,124,59,7,65
4437244,Jalen Green,PHX,SG,G,verified season statistics,57,63,v5-possession-expanded,v2-positional-value,100,Medium,0.68,0.0,321,292,6,29
3913174,Luke Kennard,PHX,SG,G,verified season statistics,66,74,v5-possession-expanded,v2-positional-value,100,Medium,0.43,0.28,163,80,8,83
4592435,Branden Carlson,POR,C,C,verified season statistics,59,54,v5-possession-expanded,v2-positional-value,25,Medium,0.0,0.0,290,350,-5,-60
5105565,Donovan Clingan,POR,C,C,verified season statistics,64,65,v5-possession-expanded,v2-positional-value,100,Medium,0.28,0.0,199,259,1,-60
4066399,Micah Potter,POR,C,C,verified season statistics,57,57,v5-possession-expanded,v2-positional-value,100,Medium,0.02,0.0,323,343,0,-20
4610139,Jeremy Sochan,POR,PF,F,verified season statistics,65,69,v5-possession-expanded,v2-positional-value,100,Medium,0.72,0.0,183,182,4,1
4431736,Toumani Camara,POR,PF,F,verified season statistics,61,67,v5-possession-expanded,v2-positional-value,100,Medium,0.79,0.22,269,230,6,39
6606,Damian Lillard,POR,PG,G,verified season statistics,65,73,v5-possession-expanded,v2-positional-value,100,Medium,0.1,0.0,177,90,8,87
4279888,Ja Morant,POR,PG,G,verified season statistics,68,69,v5-possession-expanded,v2-positional-value,100,Medium,0.97,0.0,128,178,1,-50
3995,Jrue Holiday,POR,PG,G,verified season statistics,73,77,v5-possession-expanded,v2-positional-value,100,Medium,0.0,0.0,54,35,4,19
4683678,Scoot Henderson,POR,PG,G,verified season statistics,57,60,v5-possession-expanded,v2-positional-value,100,Medium,1.53,0.0,325,334,3,-9
4578893,Vit Krejci,POR,PG,G,verified season statistics,65,69,v5-possession-expanded,v2-positional-value,100,Medium,0.52,0.0,194,194,4,0
4683021,Deni Avdija,POR,SF,F,verified season statistics,70,72,v5-possession-expanded,v2-positional-value,100,Medium,0.01,0.0,93,109,2,-16
4914336,Shaedon Sharpe,POR,SG,G,verified season statistics,59,61,v5-possession-expanded,v2-positional-value,100,Medium,1.12,0.0,299,325,2,-26
3155942,Domantas Sabonis,SAC,C,C,verified season statistics,78,70,v5-possession-expanded,v2-positional-value,100,Medium,0.2,1.09,12,152,-8,-140
4431679,Precious Achiuwa,SAC,C,C,verified season statistics,65,63,v5-possession-expanded,v2-positional-value,100,Medium,0.06,0.0,191,300,-2,-109
5107897,Jonathan Mogbo,SAC,PF,F,verified season statistics,64,67,v5-possession-expanded,v2-positional-value,100,Medium,1.26,0.0,205,223,3,-18
4594327,Keegan Murray,SAC,PF,F,verified season statistics,67,74,v5-possession-expanded,v2-positional-value,100,Medium,0.34,0.36,144,78,7,66
3907387,Ben Simmons,SAC,PG,G,verified season statistics,70,63,v5-possession-expanded,v2-positional-value,100,Medium,1.66,0.0,90,286,-7,-196
4065732,De'Andre Hunter,SAC,SF,F,verified season statistics,57,66,v5-possession-expanded,v2-positional-value,100,Medium,0.19,0.0,320,237,9,83
3064440,Zach LaVine,SAC,SF,F,verified season statistics,66,73,v5-possession-expanded,v2-positional-value,100,Medium,0.08,0.0,171,105,7,66
4397654,Adam Flagler,SAC,SG,G,verified season statistics,55,63,v5-possession-expanded,v2-positional-value,56,Medium,0.28,0.0,335,284,8,51
4066262,Malik Monk,SAC,SG,G,verified season statistics,67,72,v5-possession-expanded,v2-positional-value,100,Medium,0.33,0.0,146,119,5,27
3064560,Luke Kornet,SAS,C,C,verified season statistics,73,71,v5-possession-expanded,v2-positional-value,100,Medium,0.0,0.12,57,143,-2,-86
5104157,Victor Wembanyama,SAS,C,C,verified season statistics,79,72,v5-possession-expanded,v2-positional-value,100,Medium,0.0,0.51,10,124,-7,-114
6578,Harrison Barnes,SAS,PF,F,verified season statistics,60,69,v5-possession-expanded,v2-positional-value,100,Medium,0.25,0.35,274,176,9,98
6440,Tobias Harris,SAS,PF,F,verified season statistics,71,76,v5-possession-expanded,v2-positional-value,100,Medium,0.0,0.0,85,52,5,33
4066259,De'Aaron Fox,SAS,PG,G,verified season statistics,73,77,v5-possession-expanded,v2-positional-value,100,Medium,0.05,0.33,52,31,4,21
3134916,Jordan McLaughlin,SAS,PG,G,verified season statistics,62,70,v5-possession-expanded,v2-positional-value,100,Medium,0.25,0.0,244,160,8,84
4845367,Stephon Castle,SAS,PG,G,verified season statistics,61,62,v5-possession-expanded,v2-positional-value,100,Medium,1.75,0.0,268,316,1,-48
4592479,Julian Champagnie,SAS,SF,F,verified season statistics,62,67,v5-possession-expanded,v2-positional-value,100,Medium,1.21,0.0,246,226,5,20
4395723,Keldon Johnson,SAS,SF,F,verified season statistics,64,72,v5-possession-expanded,v2-positional-value,100,Medium,0.17,0.06,207,117,8,90
4395630,Devin Vassell,SAS,SG,G,verified season statistics,68,76,v5-possession-expanded,v2-positional-value,100,Medium,0.0,0.0,125,46,8,79
3134908,Jakob Poeltl,TOR,C,C,verified season statistics,82,75,v5-possession-expanded,v2-positional-value,100,Medium,0.0,0.61,3,61,-7,-58
4431684,Trayce Jackson-Davis,TOR,C,C,verified season statistics,74,70,v5-possession-expanded,v2-positional-value,100,Medium,0.01,0.0,48,168,-4,-120
2993874,Kyle Anderson,TOR,PF,F,verified season statistics,71,75,v5-possession-expanded,v2-positional-value,100,Medium,0.33,0.55,83,65,4,18
4433134,Scottie Barnes,TOR,PF,F,verified season statistics,74,74,v5-possession-expanded,v2-positional-value,100,Medium,0.7,0.26,46,84,0,-38
4395724,Immanuel Quickley,TOR,PG,G,verified season statistics,64,76,v5-possession-expanded,v2-positional-value,100,Medium,0.0,0.0,202,48,12,154
4432241,Jamal Shead,TOR,PG,G,verified season statistics,60,66,v5-possession-expanded,v2-positional-value,100,Medium,0.9,0.0,277,241,6,36
3913176,Brandon Ingram,TOR,SF,F,verified season statistics,71,74,v5-possession-expanded,v2-positional-value,100,Medium,0.06,0.0,76,73,3,3
4431893,Jamison Battle,TOR,SF,F,verified season statistics,60,68,v5-possession-expanded,v2-positional-value,100,Medium,0.37,0.0,278,202,8,76
4395625,RJ Barrett,TOR,SF,F,verified season statistics,60,64,v5-possession-expanded,v2-positional-value,100,Medium,0.8,0.0,285,278,4,7
4067017,A.J. Lawson,TOR,SG,G,verified season statistics,58,62,v5-possession-expanded,v2-positional-value,100,Medium,0.58,0.0,303,303,4,0
4432190,Andre Jackson Jr.,TOR,SG,G,verified season statistics,59,60,v5-possession-expanded,v2-positional-value,100,Medium,0.99,0.0,288,327,1,-39
5106258,Gradey Dick,TOR,SG,G,verified season statistics,51,54,v5-possession-expanded,v2-positional-value,100,Medium,1.61,0.0,354,353,3,1
4684272,Ja'Kobe Walter,TOR,SG,G,verified season statistics,58,61,v5-possession-expanded,v2-positional-value,100,Medium,0.58,0.0,310,321,3,-11
4277961,Jaren Jackson Jr.,UTA,C,C,verified season statistics,72,65,v5-possession-expanded,v2-positional-value,100,Medium,0.0,0.49,67,262,-7,-195
4397077,Jaxson Hayes,UTA,C,C,verified season statistics,69,67,v5-possession-expanded,v2-positional-value,100,Medium,0.0,0.0,109,221,-2,-112
3102530,Jusuf Nurkic,UTA,C,C,verified season statistics,72,68,v5-possession-expanded,v2-positional-value,100,Medium,0.06,0.22,68,204,-4,-136
4684793,Kyle Filipowski,UTA,C,C,verified season statistics,70,62,v5-possession-expanded,v2-positional-value,100,Medium,0.09,0.0,100,313,-8,-213
4277919,Mo Bamba,UTA,C,C,verified season statistics,64,63,v5-possession-expanded,v2-positional-value,100,Medium,0.12,0.0,212,296,-1,-84
4432827,Oscar Tshiebwe,UTA,C,C,verified season statistics,60,54,v5-possession-expanded,v2-positional-value,55,Medium,0.0,0.0,283,354,-6,-71
4066336,Lauri Markkanen,UTA,PF,F,verified season statistics,65,74,v5-possession-expanded,v2-positional-value,100,Medium,0.13,0.83,186,79,9,107
4683766,Isaiah Collier,UTA,PG,G,verified season statistics,59,60,v5-possession-expanded,v2-positional-value,100,Medium,2.22,0.0,291,328,1,-37
4433627,Keyonte George,UTA,PG,G,verified season statistics,55,60,v5-possession-expanded,v2-positional-value,100,Medium,1.03,0.0,340,333,5,7
5105839,Brice Sensabaugh,UTA,SF,F,verified season statistics,65,71,v5-possession-expanded,v2-positional-value,100,Medium,0.02,0.0,174,130,6,44
3133602,Svi Mykhailiuk,UTA,SF,F,verified season statistics,59,66,v5-possession-expanded,v2-positional-value,100,Medium,0.08,0.0,300,253,7,47
4432811,Josh Green,UTA,SG,G,verified season statistics,55,60,v5-possession-expanded,v2-positional-value,100,Medium,1.31,0.0,338,331,5,7
4065663,Josh Okogie,UTA,SG,G,verified season statistics,61,60,v5-possession-expanded,v2-positional-value,100,Medium,0.86,0.81,263,332,-1,-69
5160992,Alex Sarr,WAS,C,C,verified season statistics,65,64,v5-possession-expanded,v2-positional-value,100,Medium,0.06,0.0,172,265,-1,-93
6583,Anthony Davis,WAS,C,C,verified season statistics,82,76,v5-possession-expanded,v2-positional-value,100,Medium,0.0,0.99,2,42,-6,-40
4278129,Deandre Ayton,WAS,C,C,verified season statistics,74,72,v5-possession-expanded,v2-positional-value,100,Medium,0.0,0.85,37,108,-2,-71
4997537,Tristan Vukcevic,WAS,C,C,verified season statistics,67,60,v5-possession-expanded,v2-positional-value,100,Medium,0.0,0.0,154,335,-7,-181
4845374,Bub Carrington,WAS,PG,G,verified season statistics,57,64,v5-possession-expanded,v2-positional-value,100,Medium,0.38,0.0,319,266,7,53
4277905,Trae Young,WAS,PG,G,verified season statistics,61,67,v5-possession-expanded,v2-positional-value,100,Medium,0.74,0.0,270,231,6,39
4432819,Tre Mann,WAS,PG,G,verified season statistics,63,68,v5-possession-expanded,v2-positional-value,100,Medium,0.26,0.0,232,210,5,22
5104155,Bilal Coulibaly,WAS,SF,F,verified season statistics,60,62,v5-possession-expanded,v2-positional-value,100,Medium,1.29,0.0,272,306,2,-34
4432907,Justin Champagnie,WAS,SF,F,verified season statistics,71,77,v5-possession-expanded,v2-positional-value,100,Medium,0.06,1.04,81,36,6,45
6609,Khris Middleton,WAS,SF,F,verified season statistics,72,76,v5-possession-expanded,v2-positional-value,100,Medium,0.0,0.06,70,50,4,20
5174563,Kyshawn George,WAS,SG,G,verified season statistics,60,56,v5-possession-expanded,v2-positional-value,100,Medium,1.42,0.0,281,346,-4,-65
