snapshot_at,team,player_id,name,position,jersey,age,birthdate,status,salary_2026_27,years_remaining,contract_end_year,contract_type
2026-09-08T20:32:52+00:00,ATL,5105571,Henri Veesaar,C,13,22,2004-03-28,Active,,,,Standard
2026-09-08T20:32:52+00:00,ATL,3146557,Jock Landale,C,31,30,1995-10-25,Active,,,,Standard
2026-09-08T20:32:52+00:00,ATL,4873201,Asa Newell,F,14,20,2005-10-05,Active,3399480,3,2027,Standard
2026-09-08T20:32:52+00:00,ATL,4280151,Corey Kispert,F,24,27,1999-03-03,Active,13975000,3,2027,Standard
2026-09-08T20:32:52+00:00,ATL,4701230,Jalen Johnson,F,1,24,2001-12-18,Active,30000000,4,2027,Standard
2026-09-08T20:32:52+00:00,ATL,4431714,Jalen Wilson,F,12,25,2000-11-04,Active,,,,Standard
2026-09-08T20:32:52+00:00,ATL,4712863,Mouhamed Gueye,F,18,23,2002-11-09,Active,2406205,1,2027,Standard
2026-09-08T20:32:52+00:00,ATL,4431680,Onyeka Okongwu,F,17,25,2000-12-11,Active,16120000,2,2027,Standard
2026-09-08T20:32:52+00:00,ATL,5106262,Zuby Ejiofor,F,20,22,2004-04-20,Active,,,,Standard
2026-09-08T20:32:52+00:00,ATL,4397183,Aaron Wiggins,G,2,27,1999-01-02,Active,9224300,3,2027,Standard
2026-09-08T20:32:52+00:00,ATL,2990984,Buddy Hield,G,8,33,1992-12-17,Active,9658536,2,2027,Standard
2026-09-08T20:32:52+00:00,ATL,2490149,CJ McCollum,G,3,34,1991-09-19,Active,21000000,1,,Standard
2026-09-08T20:32:52+00:00,ATL,4433188,Devin Carter,G,22,24,2002-03-18,Active,5158080,2,2027,Standard
2026-09-08T20:32:52+00:00,ATL,4869342,Dyson Daniels,G,5,23,2003-03-17,Active,25000000,4,2027,Standard
2026-09-08T20:32:52+00:00,ATL,4585618,Keshon Gilbert,G,51,23,2003-06-30,Active,,,,Standard
2026-09-08T20:32:52+00:00,ATL,5149077,Kingston Flemings,G,4,19,2007-01-03,Active,,,,Standard
2026-09-08T20:32:52+00:00,ATL,4397020,Luguentz Dort,G,0,27,1999-04-19,Active,18222222,1,2027,Standard
2026-09-08T20:32:52+00:00,ATL,4278039,Nickeil Alexander-Walker,G,7,28,1998-09-02,Active,14403710,3,2027,Standard
2026-09-08T20:32:52+00:00,ATL,4431941,RayJ Dennis,G,10,25,2001-03-30,Active,,,,Standard
2026-09-08T20:32:52+00:00,ATL,4433629,Ryan Nembhard,G,19,23,2003-03-10,Active,,,,Standard
2026-09-08T20:32:52+00:00,BKN,4432194,Day'Ron Sharpe,C,20,24,2001-11-06,Active,6250000,1,2027,Standard
2026-09-08T20:32:52+00:00,BKN,5174655,Chaney Johnson,F,31,24,2002-06-20,Active,,,,Standard
2026-09-08T20:32:52+00:00,BKN,5107173,Danny Wolf,F,2,22,2004-05-05,Active,2941440,3,2027,Standard
2026-09-08T20:32:52+00:00,BKN,4432821,E.J. Liddell,F,9,25,2000-12-18,Active,,,,Standard
2026-09-08T20:32:52+00:00,BKN,4687718,Josh Minott,F,00,23,2002-11-25,Active,2584539,1,2027,Standard
2026-09-08T20:32:52+00:00,BKN,4870564,Joshua Jefferson,F,,22,2003-11-21,Active,,,,Standard
2026-09-08T20:32:52+00:00,BKN,3064514,Julius Randle,F,30,31,1994-11-29,Active,33333333,2,2027,Standard
2026-09-08T20:32:52+00:00,BKN,4278104,Michael Porter Jr.,F,17,28,1998-06-29,Active,40906150,1,2027,Standard
2026-09-08T20:32:52+00:00,BKN,3150844,Moritz Wagner,F,,29,1997-04-26,Active,,,,Standard
2026-09-08T20:32:52+00:00,BKN,4712896,Noah Clowney,F,21,22,2004-07-14,Active,5414034,1,2027,Standard
2026-09-08T20:32:52+00:00,BKN,5105626,Tyler Bilodeau,F,34,22,2004-04-17,Active,,,,Standard
2026-09-08T20:32:52+00:00,BKN,5242502,Ben Saraf,G,77,20,2006-04-14,Active,3028560,3,2027,Standard
2026-09-08T20:32:52+00:00,BKN,5037873,Drake Powell,G,4,20,2005-09-08,Active,3540600,3,2027,Standard
2026-09-08T20:32:52+00:00,BKN,5175643,Egor Demin,G,8,20,2006-03-03,Active,7233720,3,2027,Standard
2026-09-08T20:32:52+00:00,BKN,4702177,Keon Ellis,G,,26,2000-01-08,Active,,,,Standard
2026-09-08T20:32:52+00:00,BKN,5101761,Mikel Brown Jr.,G,0,20,2006-04-03,Active,,,,Standard
2026-09-08T20:32:52+00:00,BKN,5279130,Nolan Traore,G,13,20,2006-05-28,Active,4002000,3,2027,Standard
2026-09-08T20:32:52+00:00,BKN,3907823,Terance Mann,G,14,29,1996-10-18,Active,15500000,2,2027,Standard
2026-09-08T20:32:52+00:00,BKN,4432887,Tyson Etienne,G,10,26,1999-09-17,Active,,,,Standard
2026-09-08T20:32:52+00:00,BOS,4277951,Luka Garza,C,52,27,1998-12-27,Active,2801346,1,2027,Standard
2026-09-08T20:32:52+00:00,BOS,4351852,Mitchell Robinson,C,4,28,1998-04-01,Active,,,,Standard
2026-09-08T20:32:52+00:00,BOS,4397424,Neemias Queta,C,88,27,1999-07-13,Active,2667944,1,2027,Standard
2026-09-08T20:32:52+00:00,BOS,4702745,Amari Williams,F,77,24,2002-01-28,Active,,,,Standard
2026-09-08T20:32:52+00:00,BOS,5142621,Chris Cenac Jr.,F,12,19,2007-02-01,Active,,,,Standard
2026-09-08T20:32:52+00:00,BOS,5106283,Dillon Mitchell,F,,22,2003-10-03,Active,,,,Standard
2026-09-08T20:32:52+00:00,BOS,4065648,Jayson Tatum,F,0,28,1998-03-03,Active,58456566,4,2027,Standard
2026-09-08T20:32:52+00:00,BOS,4251,Paul George,F,13,36,1990-05-02,Active,54126380,2,2027,Standard
2026-09-08T20:32:52+00:00,BOS,4065804,Sam Hauser,F,30,28,1997-12-08,Active,10848241,3,2027,Standard
2026-09-08T20:32:52+00:00,BOS,4593841,Baylor Scheierman,G,55,25,2000-09-26,Active,2744040,2,2027,Standard
2026-09-08T20:32:52+00:00,BOS,3078576,Derrick White,G,9,32,1994-07-02,Active,30348001,3,2027,Standard
2026-09-08T20:32:52+00:00,BOS,5175647,Hugo Gonzalez,G,28,20,2006-02-05,Active,2923560,3,2027,Standard
2026-09-08T20:32:52+00:00,BOS,4683689,Jordan Walsh,G,27,22,2004-03-03,Active,2406205,1,2027,Standard
2026-09-08T20:32:52+00:00,BOS,3195,Mike Conley,G,45,38,1987-10-11,Active,,,,Standard
2026-09-08T20:32:52+00:00,BOS,4066354,Payton Pritchard,G,11,28,1998-01-28,Active,7767857,2,2027,Standard
2026-09-08T20:32:52+00:00,BOS,4397251,Ron Harper Jr.,G,8,26,2000-04-12,Active,,,,Standard
2026-09-08T20:32:52+00:00,CHA,4396971,Naz Reid,C,,27,1999-08-26,Active,23275862,4,2027,Standard
2026-09-08T20:32:52+00:00,CHA,4701225,PJ Hall,C,16,24,2002-02-21,Active,0,1,2027,Standard
2026-09-08T20:32:52+00:00,CHA,4576060,Ryan Kalkbrenner,C,11,24,2002-01-17,Active,2411090,3,2027,Standard
2026-09-08T20:32:52+00:00,CHA,4433287,Brandon Miller,F,24,23,2002-11-22,Active,15104625,1,2027,Standard
2026-09-08T20:32:52+00:00,CHA,2578185,Dorian Finney-Smith,F,,33,1993-05-04,Active,13335000,3,2027,Standard
2026-09-08T20:32:52+00:00,CHA,4066218,Grant Williams,F,2,27,1998-11-30,Active,14265750,1,2027,Standard
2026-09-08T20:32:52+00:00,CHA,5281370,Hannes Steinbach,F,,20,2006-05-01,Active,,,,Standard
2026-09-08T20:32:52+00:00,CHA,4433249,Moussa Diabate,F,14,24,2002-01-21,Active,2461462,1,2027,Standard
2026-09-08T20:32:52+00:00,CHA,2583632,Royce O'Neale,F,,33,1993-06-05,Active,11375000,2,2027,Standard
2026-09-08T20:32:52+00:00,CHA,5211176,Tidjane Salaun,F,31,21,2005-08-10,Active,8237880,2,2027,Standard
2026-09-08T20:32:52+00:00,CHA,5060701,Christian Anderson,G,,20,2006-04-02,Active,,,,Standard
2026-09-08T20:32:52+00:00,CHA,4395651,Coby White,G,3,26,2000-02-16,Active,,,,Standard
2026-09-08T20:32:52+00:00,CHA,3032979,Dennis Schroder,G,,32,1993-09-15,Active,14809200,1,2027,Standard
2026-09-08T20:32:52+00:00,CHA,3135045,Grayson Allen,G,,30,1995-10-08,Active,18125000,2,2027,Standard
2026-09-08T20:32:52+00:00,CHA,5061575,Kon Knueppel,G,7,21,2005-08-03,Active,10516560,3,2027,Standard
2026-09-08T20:32:52+00:00,CHA,5239590,Liam McNeeley,G,33,20,2005-10-10,Active,2902080,3,2027,Standard
2026-09-08T20:32:52+00:00,CHA,2578239,Pat Connaughton,G,21,33,1993-01-06,Active,3815861,1,2027,Standard
2026-09-08T20:32:52+00:00,CHA,4602025,Sion James,G,4,23,2002-12-04,Active,2411090,3,2027,Standard
2026-09-08T20:32:52+00:00,CHI,4278067,Nic Claxton,C,,27,1999-04-17,Active,23147727,2,2027,Standard
2026-09-08T20:32:52+00:00,CHI,5095151,Caleb Wilson,F,8,20,2006-07-18,Active,,,,Standard
2026-09-08T20:32:52+00:00,CHI,4017844,Guerschon Yabusele,F,28,30,1995-12-17,Active,,,,Standard
2026-09-08T20:32:52+00:00,CHI,4432822,Isaac Okoro,F,35,25,2001-01-26,Active,11814815,1,2027,Standard
2026-09-08T20:32:52+00:00,CHI,4397189,Jalen Smith,F,25,26,2000-03-16,Active,9428571,1,2027,Standard
2026-09-08T20:32:52+00:00,CHI,5044385,Leonard Miller,F,11,22,2003-11-26,Active,2406205,1,2027,Standard
2026-09-08T20:32:52+00:00,CHI,4711294,Matas Buzelis,F,14,21,2004-10-13,Active,5715360,3,2027,Standard
2026-09-08T20:32:52+00:00,CHI,5242496,Noa Essengue,F,24,19,2006-12-18,Active,5701200,3,2027,Standard
2026-09-08T20:32:52+00:00,CHI,4431687,Patrick Williams,F,44,25,2001-08-26,Active,18000000,3,2027,Standard
2026-09-08T20:32:52+00:00,CHI,5105555,Tobe Awaka,F,,22,2004-01-30,Active,,,,Standard
2026-09-08T20:32:52+00:00,CHI,4066650,Zach Collins,F,12,28,1997-11-19,Active,,,,Standard
2026-09-08T20:32:52+00:00,CHI,4848625,Dailyn Swain,G,5,21,2005-07-15,Active,,,,Standard
2026-09-08T20:32:52+00:00,CHI,4871145,Josh Giddey,G,3,23,2002-10-10,Active,25000000,3,2027,Standard
2026-09-08T20:32:52+00:00,CHI,4397071,Mac McClung,G,5,27,1999-01-06,Active,,,,Standard
2026-09-08T20:32:52+00:00,CHI,2595516,Norman Powell,G,,33,1993-05-25,Active,,,,Standard
2026-09-08T20:32:52+00:00,CHI,4684275,Rob Dillingham,G,7,21,2005-01-04,Active,6889320,2,2027,Standard
2026-09-08T20:32:52+00:00,CHI,4395626,Tre Jones,G,30,26,2000-01-08,Active,8000000,2,2027,Standard
2026-09-08T20:32:52+00:00,CLE,5106261,Ernest Udeh Jr.,C,,22,2004-01-08,Active,,,,Standard
2026-09-08T20:32:52+00:00,CLE,4432158,Evan Mobley,C,4,25,2001-06-18,Active,50105628,4,2027,Standard
2026-09-08T20:32:52+00:00,CLE,4066328,Jarrett Allen,C,31,28,1998-04-21,Active,28000000,3,2027,Standard
2026-09-08T20:32:52+00:00,CLE,4997530,Khalifa Diop,C,18,24,2002-01-15,Active,,,,Standard
2026-09-08T20:32:52+00:00,CLE,3934723,Thomas Bryant,C,3,29,1997-07-31,Active,,,,Standard
2026-09-08T20:32:52+00:00,CLE,2995706,Mario Hezonja,F,33,31,1995-02-25,Active,,,,Standard
2026-09-08T20:32:52+00:00,CLE,5106268,Nae'Qwan Tomlin,F,35,25,2000-12-19,Active,2411090,1,2027,Standard
2026-09-08T20:32:52+00:00,CLE,4278046,Olivier Sarr,F,33,27,1999-02-20,Active,,,,Standard
2026-09-08T20:32:52+00:00,CLE,5177362,Riley Minix,F,12,25,2000-09-22,Active,,,,Standard
2026-09-08T20:32:52+00:00,CLE,4431734,Tristan Enaruna,F,21,25,2001-06-26,Active,0,1,2027,Standard
2026-09-08T20:32:52+00:00,CLE,4701233,Craig Porter Jr.,G,9,26,2000-02-26,Active,2406205,1,2027,Standard
2026-09-08T20:32:52+00:00,CLE,3908809,Donovan Mitchell,G,45,30,1996-09-07,Active,50105628,2,2027,Standard
2026-09-08T20:32:52+00:00,CLE,3992,James Harden,G,1,37,1989-08-26,Active,42317308,1,2027,Standard
2026-09-08T20:32:52+00:00,CLE,4683747,Jaylon Tyson,G,20,23,2002-12-02,Active,3658560,2,2027,Standard
2026-09-08T20:32:52+00:00,CLE,5041951,Meleek Thomas,G,,20,2006-08-06,Active,,,,Standard
2026-09-08T20:32:52+00:00,CLE,4576087,Peyton Watson,G,,23,2002-09-11,Active,,,,Standard
2026-09-08T20:32:52+00:00,CLE,4066757,Sam Merrill,G,5,30,1996-05-15,Active,9160714,3,2027,Standard
2026-09-08T20:32:52+00:00,CLE,5023693,Tyrese Proctor,G,24,22,2004-04-01,Active,2150917,3,2027,Standard
2026-09-08T20:32:52+00:00,DAL,4683688,Dereck Lively II,C,2,22,2004-02-12,Active,7239130,1,2027,Standard
2026-09-08T20:32:52+00:00,DAL,4701208,Moussa Cisse,C,30,23,2002-09-10,Active,,,,Standard
2026-09-08T20:32:52+00:00,DAL,3138160,Caleb Martin,F,16,30,1995-09-28,Active,10001494,2,2027,Standard
2026-09-08T20:32:52+00:00,DAL,5041939,Cooper Flagg,F,32,19,2006-12-21,Active,14517480,3,2027,Standard
2026-09-08T20:32:52+00:00,DAL,4278049,Daniel Gafford,F,21,27,1998-10-01,Active,17263584,3,2027,Standard
2026-09-08T20:32:52+00:00,DAL,4873153,Morez Johnson Jr.,F,14,20,2006-01-25,Active,,,,Standard
2026-09-08T20:32:52+00:00,DAL,4278594,Naji Marshall,F,3,28,1998-01-24,Active,9428571,1,2027,Standard
2026-09-08T20:32:52+00:00,DAL,4278078,P.J. Washington,F,25,28,1998-08-23,Active,19813044,4,2027,Standard
2026-09-08T20:32:52+00:00,DAL,4593125,Santi Aldama,F,,25,2001-01-10,Active,17007043,2,2027,Standard
2026-09-08T20:32:52+00:00,DAL,5279129,Sergio de Larrea,F,55,20,2005-12-04,Active,,,,Standard
2026-09-08T20:32:52+00:00,DAL,5148538,Tarik Biberovic,F,,25,2001-01-28,Active,,,,Standard
2026-09-08T20:32:52+00:00,DAL,5106040,Tobi Lawal,F,,23,2003-05-01,Active,,,,Standard
2026-09-08T20:32:52+00:00,DAL,5211175,Zaccharie Risacher,F,10,21,2005-04-08,Active,13826040,2,2027,Standard
2026-09-08T20:32:52+00:00,DAL,5105806,Jett Howard,G,,22,2003-09-14,Active,,,,Standard
2026-09-08T20:32:52+00:00,DAL,4898238,John Poulakidas,G,1,23,2003-04-04,Active,0,1,2027,Standard
2026-09-08T20:32:52+00:00,DAL,6442,Kyrie Irving,G,11,34,1992-03-23,Active,39416562,2,2027,Standard
2026-09-08T20:32:52+00:00,DAL,4432107,Marcus Sasser,G,25,25,2000-09-21,Active,5198983,1,2027,Standard
2026-09-08T20:32:52+00:00,DAL,4432582,Max Christie,G,00,23,2003-02-10,Active,8285714,2,2027,Standard
2026-09-08T20:32:52+00:00,DAL,5358755,Vsevolod Ishchenko,G,,21,2005-02-10,Active,,,,Standard
2026-09-08T20:32:52+00:00,DEN,3112335,Nikola Jokic,C,15,31,1995-02-19,Active,59033114,2,2027,Standard
2026-09-08T20:32:52+00:00,DEN,3064290,Aaron Gordon,F,32,30,1995-09-16,Active,33658037,3,2027,Standard
2026-09-08T20:32:52+00:00,DEN,4065813,Alpha Diallo,F,,29,1997-06-29,Active,,,,Standard
2026-09-08T20:32:52+00:00,DEN,4565698,Bryce Hopkins,F,,24,2002-09-07,Active,,,,Standard
2026-09-08T20:32:52+00:00,DEN,3138196,Cameron Johnson,F,23,30,1996-03-03,Active,23062500,1,2027,Standard
2026-09-08T20:32:52+00:00,DEN,4433607,DaRon Holmes II,F,14,24,2002-08-15,Active,3372120,2,2027,Standard
2026-09-08T20:32:52+00:00,DEN,4593041,David Roddy,F,45,25,2001-03-27,Active,,,,Standard
2026-09-08T20:32:52+00:00,DEN,4277848,Marvin Bagley III,F,35,27,1999-03-14,Active,,,,Standard
2026-09-08T20:32:52+00:00,DEN,4592427,Spencer Jones,F,21,25,2001-06-14,Active,,,,Standard
2026-09-08T20:32:52+00:00,DEN,4698719,Trevon Brazile,F,,23,2003-01-07,Active,,,,Standard
2026-09-08T20:32:52+00:00,DEN,4431690,Zeke Nnaji,F,22,25,2001-01-09,Active,7466667,2,2027,Standard
2026-09-08T20:32:52+00:00,DEN,4431767,Christian Braun,G,0,25,2001-04-17,Active,21551774,4,2027,Standard
2026-09-08T20:32:52+00:00,DEN,3978,DeMar DeRozan,G,,37,1989-08-07,Active,25740000,1,2027,Standard
2026-09-08T20:32:52+00:00,DEN,3936299,Jamal Murray,G,27,29,1997-02-23,Active,50105628,3,2027,Standard
2026-09-08T20:32:52+00:00,DEN,4432181,Julian Strawther,G,3,24,2002-04-18,Active,4826931,1,2027,Standard
2026-09-08T20:32:52+00:00,DEN,4683834,KJ Simpson,G,25,24,2002-08-08,Active,0,1,2027,Standard
2026-09-08T20:32:52+00:00,DEN,4277890,Lonnie Walker IV,G,,27,1998-12-14,Active,,,,Standard
2026-09-08T20:32:52+00:00,DEN,3135046,Tyus Jones,G,5,30,1996-05-10,Active,,,,Standard
2026-09-08T20:32:52+00:00,DET,5107818,Isaac Jones,C,3,26,2000-07-11,Active,0,1,2027,Standard
2026-09-08T20:32:52+00:00,DET,4433621,Jalen Duren,C,0,22,2003-11-18,Active,,,,Standard
2026-09-08T20:32:52+00:00,DET,5037878,Ugonna Onyenso,C,,21,2004-09-25,Active,,,,Standard
2026-09-08T20:32:52+00:00,DET,3157465,Duncan Robinson,F,55,32,1994-04-22,Active,15992957,2,2027,Standard
2026-09-08T20:32:52+00:00,DET,3908845,John Collins,F,,28,1997-09-23,Active,,,,Standard
2026-09-08T20:32:52+00:00,DET,4278562,Paul Reed,F,7,27,1999-06-14,Active,5000000,1,,Standard
2026-09-08T20:32:52+00:00,DET,4683771,Ronald Holland II,F,5,21,2005-07-07,Active,9069600,2,2027,Standard
2026-09-08T20:32:52+00:00,DET,2990962,Taurean Prince,F,12,32,1994-03-22,Active,3815861,1,,Standard
2026-09-08T20:32:52+00:00,DET,4397882,Tolu Smith,F,35,26,2000-07-26,Active,2411090,1,,Standard
2026-09-08T20:32:52+00:00,DET,4592187,Wendell Moore Jr.,F,14,24,2001-09-18,Active,,,,Standard
2026-09-08T20:32:52+00:00,DET,4684742,Ausar Thompson,G,9,23,2003-01-30,Active,11117925,1,2027,Standard
2026-09-08T20:32:52+00:00,DET,4432166,Cade Cunningham,G,2,24,2001-09-25,Active,50105628,4,2027,Standard
2026-09-08T20:32:52+00:00,DET,4700852,Chaz Lanier,G,20,24,2001-12-19,Active,2150917,3,2027,Standard
2026-09-08T20:32:52+00:00,DET,5107199,Daniss Jenkins,G,24,25,2001-08-17,Active,4000000,1,2027,Standard
2026-09-08T20:32:52+00:00,DET,5258459,Ebuka Okorie,G,,19,2007-04-10,Active,,,,Standard
2026-09-08T20:32:52+00:00,DET,4397449,Elijah Harkless,G,,26,2000-02-03,Active,,,,Standard
2026-09-08T20:32:52+00:00,DET,2999547,Gary Harris,G,,31,1994-09-14,Active,3815861,1,2027,Standard
2026-09-08T20:32:52+00:00,DET,4395702,Isaiah Joe,G,,27,1999-07-02,Active,11323006,2,2027,Standard
2026-09-08T20:32:52+00:00,DET,2596112,Javonte Green,G,31,33,1993-07-23,Active,,,,Standard
2026-09-08T20:32:52+00:00,DET,4066372,Kevin Huerter,G,27,28,1998-08-27,Active,,,,Standard
2026-09-08T20:32:52+00:00,GSW,3213,Al Horford,C,20,40,1986-06-03,Active,5969250,1,2027,Standard
2026-09-08T20:32:52+00:00,GSW,4397886,Charles Bassey,C,28,25,2000-10-28,Active,,,,Standard
2026-09-08T20:32:52+00:00,GSW,3102531,Kristaps Porzingis,C,7,31,1995-08-02,Active,,,,Standard
2026-09-08T20:32:52+00:00,GSW,6589,Draymond Green,F,23,36,1990-03-04,Active,27678571,1,2027,Standard
2026-09-08T20:32:52+00:00,GSW,2990969,Georges Niang,F,31,33,1993-06-17,Active,,,,Standard
2026-09-08T20:32:52+00:00,GSW,4997536,Gui Santos,F,15,24,2002-06-22,Active,4629630,3,2027,Standard
2026-09-08T20:32:52+00:00,GSW,6430,Jimmy Butler III,F,10,36,1989-09-14,Active,56832773,1,2027,Standard
2026-09-08T20:32:52+00:00,GSW,4897449,Malevy Leons,F,33,26,1999-09-23,Active,0,1,2027,Standard
2026-09-08T20:32:52+00:00,GSW,5175737,Yaxel Lendeborg,F,,23,2002-09-30,Active,,,,Standard
2026-09-08T20:32:52+00:00,GSW,4709138,Brandin Podziemski,G,2,23,2003-02-25,Active,5679458,1,2027,Standard
2026-09-08T20:32:52+00:00,GSW,52131,Brandon Williams,G,,,,Active,,,,Standard
2026-09-08T20:32:52+00:00,GSW,4066436,De'Anthony Melton,G,8,28,1998-05-28,Active,,,,Standard
2026-09-08T20:32:52+00:00,GSW,3134903,Gary Payton II,G,0,33,1992-12-01,Active,,,,Standard
2026-09-08T20:32:52+00:00,GSW,4433149,LJ Cryer,G,18,24,2001-10-09,Active,0,1,2027,Standard
2026-09-08T20:32:52+00:00,GSW,5108969,Lajae Jones,G,,22,2004-05-21,Active,,,,Standard
2026-09-08T20:32:52+00:00,GSW,4432171,Moses Moody,G,4,24,2002-05-31,Active,12500000,2,2027,Standard
2026-09-08T20:32:52+00:00,GSW,4397821,Nate Williams,G,19,27,1999-02-12,Active,,,,Standard
2026-09-08T20:32:52+00:00,GSW,3975,Stephen Curry,G,30,38,1988-03-14,Active,62587158,1,2027,Standard
2026-09-08T20:32:52+00:00,GSW,4897262,Will Richard,G,3,23,2002-12-24,Active,2150917,3,,Standard
2026-09-08T20:32:52+00:00,HOU,4871144,Alperen Sengun,C,28,24,2002-07-25,Active,35642202,4,2027,Standard
2026-09-08T20:32:52+00:00,HOU,3102529,Clint Capela,C,30,32,1994-05-18,Active,7035000,2,2027,Standard
2026-09-08T20:32:52+00:00,HOU,4684443,Rafael Castro,C,,23,2003-03-30,Active,,,,Standard
2026-09-08T20:32:52+00:00,HOU,2991235,Steven Adams,C,12,33,1993-07-20,Active,13000000,2,2027,Standard
2026-09-08T20:32:52+00:00,HOU,4592857,Isaiah Crawford,F,27,24,2001-11-01,Active,,,,Standard
2026-09-08T20:32:52+00:00,HOU,4432639,Jabari Smith Jr.,F,10,23,2003-05-13,Active,23643411,5,2027,Standard
2026-09-08T20:32:52+00:00,HOU,3136777,Jae'Sean Tate,F,8,30,1995-10-28,Active,,,,Standard
2026-09-08T20:32:52+00:00,HOU,3202,Kevin Durant,F,7,37,1988-09-29,Active,43902439,2,2027,Standard
2026-09-08T20:32:52+00:00,HOU,4433192,Tari Eason,F,17,25,2001-05-10,Active,,,,Standard
2026-09-08T20:32:52+00:00,HOU,4684740,Amen Thompson,G,1,23,2003-01-30,Active,12258609,1,2027,Standard
2026-09-08T20:32:52+00:00,HOU,3037789,Bogdan Bogdanovic,G,,34,1992-08-18,Active,16020000,1,2027,Standard
2026-09-08T20:32:52+00:00,HOU,5105837,Bruce Thornton,G,,22,2003-09-14,Active,,,,Standard
2026-09-08T20:32:52+00:00,HOU,2991230,Fred VanVleet,G,5,32,1994-02-25,Active,25000000,1,2027,Standard
2026-09-08T20:32:52+00:00,HOU,2990992,Marcus Smart,G,,32,1994-03-06,Active,5390700,1,2027,Standard
2026-09-08T20:32:52+00:00,HOU,4683860,Quadir Copeland,G,,23,2003-09-01,Active,,,,Standard
2026-09-08T20:32:52+00:00,HOU,4711272,Reed Sheppard,G,15,22,2004-06-24,Active,11108880,2,2027,Standard
2026-09-08T20:32:52+00:00,HOU,4709131,Sean Pedulla,G,,23,2002-10-10,Active,0,1,2027,Standard
2026-09-08T20:32:52+00:00,IND,4017837,Ivica Zubac,C,40,29,1997-03-18,Active,20342140,2,2027,Standard
2026-09-08T20:32:52+00:00,IND,4065731,Jay Huff,C,32,29,1997-08-25,Active,2667944,2,2027,Standard
2026-09-08T20:32:52+00:00,IND,4398207,Jalen Slawson,F,18,26,1999-10-22,Active,,,,Standard
2026-09-08T20:32:52+00:00,IND,5106060,Jarace Walker,F,5,23,2003-09-04,Active,8478541,1,2027,Standard
2026-09-08T20:32:52+00:00,IND,2580365,Larry Nance Jr.,F,,33,1993-01-01,Active,,,,Standard
2026-09-08T20:32:52+00:00,IND,4278355,Obi Toppin,F,1,28,1998-03-04,Active,15000000,2,2027,Standard
2026-09-08T20:32:52+00:00,IND,3149673,Pascal Siakam,F,43,32,1994-04-02,Active,48924624,2,2027,Standard
2026-09-08T20:32:52+00:00,IND,4396909,Aaron Nesmith,G,23,26,1999-10-16,Active,11000000,3,2027,Standard
2026-09-08T20:32:52+00:00,IND,4395712,Andrew Nembhard,G,2,26,2000-01-16,Active,19550160,2,2027,Standard
2026-09-08T20:32:52+00:00,IND,4433076,Ben Sheppard,G,26,25,2001-07-16,Active,5031668,1,2027,Standard
2026-09-08T20:32:52+00:00,IND,5105854,Braden Smith,G,,23,2003-07-25,Active,,,,Standard
2026-09-08T20:32:52+00:00,IND,5157066,Johnny Furphy,G,12,21,2004-12-07,Active,2296271,2,2027,Standard
2026-09-08T20:32:52+00:00,IND,3133603,Kelly Oubre Jr.,G,,30,1995-12-09,Active,,,,Standard
2026-09-08T20:32:52+00:00,IND,4431752,Kobe Brown,G,24,26,2000-01-01,Active,,,,Standard
2026-09-08T20:32:52+00:00,IND,4592829,Quenton Jackson,G,29,27,1998-09-15,Active,2584539,2,2027,Standard
2026-09-08T20:32:52+00:00,IND,2530530,T.J. McConnell,G,9,34,1992-03-25,Active,11000000,3,2027,Standard
2026-09-08T20:32:52+00:00,IND,4396993,Tyrese Haliburton,G,0,26,2000-02-29,Active,48924624,3,2027,Standard
2026-09-08T20:32:52+00:00,LAC,3448,Brook Lopez,C,11,38,1988-04-01,Active,8750000,1,2027,Standard
2026-09-08T20:32:52+00:00,LAC,4897696,Jamarion Sharp,C,,25,2001-08-26,Active,,,,Standard
2026-09-08T20:32:52+00:00,LAC,5108024,Yanic Konan Niederhauser,C,14,23,2003-03-14,Active,2880960,3,2027,Standard
2026-09-08T20:32:52+00:00,LAC,5075626,Baba Miller,F,,22,2004-02-07,Active,,,,Standard
2026-09-08T20:32:52+00:00,LAC,3936099,Derrick Jones Jr.,F,5,29,1997-02-15,Active,10476190,1,2027,Standard
2026-09-08T20:32:52+00:00,LAC,4432170,Isaiah Jackson,F,23,24,2002-01-10,Active,7000000,2,2027,Standard
2026-09-08T20:32:52+00:00,LAC,4433569,Johni Broome,F,,24,2002-07-19,Active,2150917,3,2027,Standard
2026-09-08T20:32:52+00:00,LAC,6450,Kawhi Leonard,F,2,35,1991-06-29,Active,50300000,1,2027,Standard
2026-09-08T20:32:52+00:00,LAC,5363895,Narcisse Ngoy,F,,22,2004-07-13,Active,,,,Standard
2026-09-08T20:32:52+00:00,LAC,5105832,Nick Martinelli,F,,22,2004-04-20,Active,,,,Standard
2026-09-08T20:32:52+00:00,LAC,4066648,Rui Hachimura,F,28,28,1998-02-08,Active,,,,Standard
2026-09-08T20:32:52+00:00,LAC,4683634,Bennedict Mathurin,G,9,24,2002-06-19,Active,,,,Standard
2026-09-08T20:32:52+00:00,LAC,6580,Bradley Beal,G,0,33,1993-06-28,Active,5621700,1,2027,Standard
2026-09-08T20:32:52+00:00,LAC,4845363,Cam Christie,G,24,21,2005-07-24,Active,2296271,1,2027,Standard
2026-09-08T20:32:52+00:00,LAC,4396907,Darius Garland,G,10,26,2000-01-26,Active,42166510,2,2027,Standard
2026-09-08T20:32:52+00:00,LAC,4398390,Jalen Pickett,G,,26,1999-10-22,Active,2406205,1,2027,Standard
2026-09-08T20:32:52+00:00,LAC,4396818,Jordan Miller,G,22,26,2000-01-23,Active,2497812,1,2027,Standard
2026-09-08T20:32:52+00:00,LAC,5254165,Keaton Wagler,G,,19,2007-02-03,Active,,,,Standard
2026-09-08T20:32:52+00:00,LAC,4702352,Kobe Sanders,G,4,24,2002-05-30,Active,2150917,1,2027,Standard
2026-09-08T20:32:52+00:00,LAC,2991139,Kris Dunn,G,8,32,1994-03-18,Active,5684800,1,2027,Standard
2026-09-08T20:32:52+00:00,LAC,4065778,Max Strus,G,,30,1996-03-28,Active,16660836,1,2027,Standard
2026-09-08T20:32:52+00:00,LAC,4683749,TyTy Washington Jr.,G,15,24,2001-11-15,Active,,,,Standard
2026-09-08T20:32:52+00:00,LAL,4433136,Walker Kessler,C,,25,2001-07-26,Active,,,,Standard
2026-09-08T20:32:52+00:00,LAL,5114350,AK Okereke,F,,23,2003-07-02,Active,,,,Standard
2026-09-08T20:32:52+00:00,LAL,5060631,Adou Thiero,F,1,22,2004-05-08,Active,2150917,2,2027,Standard
2026-09-08T20:32:52+00:00,LAL,4897943,Dalton Knecht,F,4,25,2001-04-19,Active,4201080,1,2027,Standard
2026-09-08T20:32:52+00:00,LAL,4592691,Jake LaRavia,F,12,24,2001-11-03,Active,6000000,1,2027,Standard
2026-09-08T20:32:52+00:00,LAL,4278077,Jarred Vanderbilt,F,2,27,1999-04-03,Active,12428571,2,2027,Standard
2026-09-08T20:32:52+00:00,LAL,3155535,Kevon Looney,F,,30,1996-02-06,Active,8000000,1,2027,Standard
2026-09-08T20:32:52+00:00,LAL,4278580,Sandro Mamukelashvili,F,,27,1999-05-23,Active,,,,Standard
2026-09-08T20:32:52+00:00,LAL,4433137,Ziaire Williams,F,,24,2001-09-12,Active,6250000,1,2027,Standard
2026-09-08T20:32:52+00:00,LAL,4066457,Austin Reaves,G,15,28,1998-05-29,Active,,,,Standard
2026-09-08T20:32:52+00:00,LAL,4683774,Bronny James,G,9,21,2004-10-06,Active,2296274,2,2027,Standard
2026-09-08T20:32:52+00:00,LAL,5113969,Cameron Carr,G,,21,2004-11-21,Active,,,,Standard
2026-09-08T20:32:52+00:00,LAL,4702972,Chris Manon,G,30,24,2001-12-09,Active,,,,Standard
2026-09-08T20:32:52+00:00,LAL,4277811,Collin Sexton,G,,27,1999-01-04,Active,,,,Standard
2026-09-08T20:32:52+00:00,LAL,4868423,Jaden Hardy,G,,24,2002-07-05,Active,6000000,2,2027,Standard
2026-09-08T20:32:52+00:00,LAL,3945274,Luka Doncic,G,77,27,1999-02-28,Active,49500000,3,2027,Standard
2026-09-08T20:32:52+00:00,LAL,3907498,Matisse Thybulle,G,,29,1997-03-04,Active,,,,Standard
2026-09-08T20:32:52+00:00,LAL,4397014,Quentin Grimes,G,,26,2000-05-08,Active,,,,Standard
2026-09-08T20:32:52+00:00,MEM,4593016,Quinten Post,C,,26,2000-03-21,Active,,,,Standard
2026-09-08T20:32:52+00:00,MEM,4600663,Zach Edey,C,14,24,2002-03-14,Active,6332760,3,2027,Standard
2026-09-08T20:32:52+00:00,MEM,5041935,Cameron Boozer,F,27,19,2007-07-18,Active,,,,Standard
2026-09-08T20:32:52+00:00,MEM,4903027,Cedric Coward,F,23,22,2003-09-11,Active,6001080,3,2027,Standard
2026-09-08T20:32:52+00:00,MEM,5105550,GG Jackson,F,45,21,2004-12-17,Active,2406205,1,2027,Standard
2026-09-08T20:32:52+00:00,MEM,4432810,Isaiah Stewart,F,,25,2001-05-22,Active,15000000,2,2027,Standard
2026-09-08T20:32:52+00:00,MEM,5112087,Jaylen Wells,F,0,23,2003-08-26,Active,2296271,2,2027,Standard
2026-09-08T20:32:52+00:00,MEM,2991070,Jerami Grant,F,9,32,1994-03-12,Active,34206897,2,2027,Standard
2026-09-08T20:32:52+00:00,MEM,5231919,Karim Lopez,F,,19,2007-04-12,Active,,,,Standard
2026-09-08T20:32:52+00:00,MEM,4594326,Kris Murray,F,24,26,2000-08-19,Active,5315004,1,2027,Standard
2026-09-08T20:32:52+00:00,MEM,4595400,Olivier-Maxence Prosper,F,18,24,2002-07-03,Active,2497812,1,2027,Standard
2026-09-08T20:32:52+00:00,MEM,4684806,Taylor Hendricks,F,22,22,2003-11-22,Active,7805900,1,2027,Standard
2026-09-08T20:32:52+00:00,MEM,4433083,Cam Spencer,G,24,26,2000-04-06,Active,2411090,3,2027,Standard
2026-09-08T20:32:52+00:00,MEM,3136776,D'Angelo Russell,G,,30,1996-02-23,Active,5969250,1,2027,Standard
2026-09-08T20:32:52+00:00,MEM,4683934,Jahmai Mashack,G,21,23,2002-11-10,Active,0,1,2027,Standard
2026-09-08T20:32:52+00:00,MEM,4781746,Javon Small,G,10,23,2002-12-19,Active,0,1,2027,Standard
2026-09-08T20:32:52+00:00,MEM,4683750,Jordan Hawkins,G,,24,2002-04-29,Active,7021895,1,2027,Standard
2026-09-08T20:32:52+00:00,MEM,4432185,Micah Peavy,G,,25,2001-07-16,Active,2150917,3,2027,Standard
2026-09-08T20:32:52+00:00,MEM,5105462,Richie Saunders,G,,24,2001-09-19,Active,,,,Standard
2026-09-08T20:32:52+00:00,MEM,4431785,Scotty Pippen Jr.,G,1,25,2000-11-10,Active,2461462,2,2027,Standard
2026-09-08T20:32:52+00:00,MEM,4065733,Ty Jerome,G,2,29,1997-07-08,Active,9220050,2,2027,Standard
2026-09-08T20:32:52+00:00,MEM,4896372,Walter Clayton Jr.,G,4,23,2003-03-06,Active,4190520,3,2027,Standard
2026-09-08T20:32:52+00:00,MIA,4066261,Bam Adebayo,C,13,29,1997-07-18,Active,49500000,3,2027,Standard
2026-09-08T20:32:52+00:00,MIA,4278076,Nick Richards,C,8,28,1997-11-29,Active,,,,Standard
2026-09-08T20:32:52+00:00,MIA,4700818,Vladislav Goldin,C,50,25,2001-05-12,Active,,,,Standard
2026-09-08T20:32:52+00:00,MIA,3059319,Andrew Wiggins,F,22,31,1995-02-23,Active,30169643,1,2027,Standard
2026-09-08T20:32:52+00:00,MIA,3064482,Bobby Portis,F,95,31,1995-02-10,Active,14521414,2,2027,Standard
2026-09-08T20:32:52+00:00,MIA,3032977,Giannis Antetokounmpo,F,7,31,1994-12-06,Active,58456566,2,2027,Standard
2026-09-08T20:32:52+00:00,MIA,4702784,J'Vonne Hadley,F,,24,2002-04-03,Active,,,,Standard
2026-09-08T20:32:52+00:00,MIA,4431786,Keshad Johnson,F,16,25,2001-06-23,Active,,,,Standard
2026-09-08T20:32:52+00:00,MIA,4431772,Myron Gardner,F,15,25,2001-05-21,Active,2150917,2,2027,Standard
2026-09-08T20:32:52+00:00,MIA,4997528,Nikola Jovic,F,5,23,2003-06-09,Active,16200000,4,2027,Standard
2026-09-08T20:32:52+00:00,MIA,3899664,Simone Fontecchio,F,0,30,1995-12-09,Active,,,,Standard
2026-09-08T20:32:52+00:00,MIA,4278053,Davion Mitchell,G,45,28,1998-09-05,Active,12400000,1,2027,Standard
2026-09-08T20:32:52+00:00,MIA,4066993,Dru Smith,G,12,28,1997-12-30,Active,2584359,2,2027,Standard
2026-09-08T20:32:52+00:00,MIA,4433133,Jahmir Young,G,17,25,2000-10-07,Active,,,,Standard
2026-09-08T20:32:52+00:00,MIA,6475,Klay Thompson,G,,36,1990-02-08,Active,17460317,1,2027,Standard
2026-09-08T20:32:52+00:00,MIA,4601025,Pelle Larsson,G,9,25,2001-02-23,Active,2296271,1,2027,Standard
2026-09-08T20:32:52+00:00,MIA,5107157,Ryan Conwell,G,,22,2004-06-15,Active,,,,Standard
2026-09-08T20:32:52+00:00,MIA,2528210,Tim Hardaway Jr.,G,10,34,1992-03-16,Active,,,,Standard
2026-09-08T20:32:52+00:00,MIA,4837356,Tre Donaldson,G,,22,2003-12-11,Active,,,,Standard
2026-09-08T20:32:52+00:00,MIA,4432645,Trevor Keels,G,8,23,2003-08-26,Active,,,,Standard
2026-09-08T20:32:52+00:00,MIL,4277922,Jericho Sims,C,00,27,1998-10-20,Active,,,,Standard
2026-09-08T20:32:52+00:00,MIL,5105623,Kel'el Ware,C,7,22,2004-04-20,Active,4654920,2,2027,Standard
2026-09-08T20:32:52+00:00,MIL,3133628,Myles Turner,C,3,30,1996-03-24,Active,26584164,3,2027,Standard
2026-09-08T20:32:52+00:00,MIL,5214989,Bogoljub Markovic,F,,21,2005-07-12,Active,,,,Standard
2026-09-08T20:32:52+00:00,MIL,4432848,Jaime Jaquez Jr.,F,11,25,2001-02-18,Active,5939141,1,2027,Standard
2026-09-08T20:32:52+00:00,MIL,3134907,Kyle Kuzma,F,18,31,1995-07-24,Active,20345152,1,2027,Standard
2026-09-08T20:32:52+00:00,MIL,5184016,Malique Lewis,F,,21,2004-11-10,Active,,,,Standard
2026-09-08T20:32:52+00:00,MIL,5164559,Nate Ament,F,,19,2006-12-10,Active,,,,Standard
2026-09-08T20:32:52+00:00,MIL,4997526,Ousmane Dieng,F,21,23,2003-05-21,Active,,,,Standard
2026-09-08T20:32:52+00:00,MIL,4397233,Pete Nance,F,35,26,2000-02-19,Active,,,,Standard
2026-09-08T20:32:52+00:00,MIL,4397475,AJ Green,G,20,26,1999-09-27,Active,10044643,4,2027,Standard
2026-09-08T20:32:52+00:00,MIL,5082206,Brayden Burries,G,,20,2005-09-18,Active,,,,Standard
2026-09-08T20:32:52+00:00,MIL,2991043,Caris LeVert,G,,32,1994-08-25,Active,14809200,1,2027,Standard
2026-09-08T20:32:52+00:00,MIL,4397114,Cormac Ryan,G,30,27,1998-10-26,Active,,,,Standard
2026-09-08T20:32:52+00:00,MIL,4277843,Gary Trent Jr.,G,5,27,1999-01-18,Active,,,,Standard
2026-09-08T20:32:52+00:00,MIL,4697268,Kam Jones,G,,24,2002-02-25,Active,2150917,3,2027,Standard
2026-09-08T20:32:52+00:00,MIL,5214640,Kasparas Jakucionis,G,25,20,2006-05-29,Active,3841680,3,2027,Standard
2026-09-08T20:32:52+00:00,MIL,4397140,Kevin Porter Jr.,G,7,26,2000-05-04,Active,5390700,1,,Standard
2026-09-08T20:32:52+00:00,MIL,4591725,Ryan Rollins,G,13,24,2002-07-03,Active,4000000,2,2027,Standard
2026-09-08T20:32:52+00:00,MIL,4395725,Tyler Herro,G,14,26,2000-01-20,Active,33000000,1,2027,Standard
2026-09-08T20:32:52+00:00,MIN,5157587,Rocco Zikarsky,C,44,20,2006-07-11,Active,,,,Standard
2026-09-08T20:32:52+00:00,MIN,3032976,Rudy Gobert,C,27,34,1992-06-26,Active,36500000,2,2027,Standard
2026-09-08T20:32:52+00:00,MIN,4895758,Cody Williams,F,,21,2004-11-20,Active,6015600,2,2027,Standard
2026-09-08T20:32:52+00:00,MIN,4592699,Enrique Freeman,F,25,26,2000-07-29,Active,,,,Standard
2026-09-08T20:32:52+00:00,MIN,4431671,Jaden McDaniels,F,3,25,2000-09-29,Active,26200001,3,2027,Standard
2026-09-08T20:32:52+00:00,MIN,5279133,Joan Beringer,F,19,19,2006-11-11,Active,4411200,3,2027,Standard
2026-09-08T20:32:52+00:00,MIN,4433247,Jonathan Kuminga,F,,23,2002-10-06,Active,24300000,1,2027,Standard
2026-09-08T20:32:52+00:00,MIN,5105553,Julian Phillips,F,4,22,2003-11-05,Active,,,,Standard
2026-09-08T20:32:52+00:00,MIN,4897438,Trey Kaufman-Renn,F,,24,2002-08-19,Active,,,,Standard
2026-09-08T20:32:52+00:00,MIN,3136196,Trey Lyles,F,,30,1995-11-05,Active,,,,Standard
2026-09-08T20:32:52+00:00,MIN,4594268,Anthony Edwards,G,5,25,2001-08-05,Active,48924624,4,2027,Standard
2026-09-08T20:32:52+00:00,MIN,4397002,Ayo Dosunmu,G,13,26,2000-01-17,Active,,,,Standard
2026-09-08T20:32:52+00:00,MIN,4592492,Bones Hyland,G,8,25,2000-09-14,Active,,,,Standard
2026-09-08T20:32:52+00:00,MIN,3934673,Donte DiVincenzo,G,0,29,1997-01-31,Active,,,,Standard
2026-09-08T20:32:52+00:00,MIN,5061585,Isaiah Evans,G,,20,2005-12-06,Active,,,,Standard
2026-09-08T20:32:52+00:00,MIN,4432247,Jaylen Clark,G,22,24,2001-10-13,Active,,,,Standard
2026-09-08T20:32:52+00:00,MIN,3134932,John Konchar,G,,30,1996-03-22,Active,6165000,1,2027,Standard
2026-09-08T20:32:52+00:00,MIN,4432816,LaMelo Ball,G,,25,2001-08-22,Active,40770520,3,2027,Standard
2026-09-08T20:32:52+00:00,MIN,4432847,Terrence Shannon Jr.,G,1,26,2000-07-30,Active,2801640,2,2027,Standard
2026-09-08T20:32:52+00:00,MIN,4592979,Zyon Pullin,G,15,25,2001-03-03,Active,,,,Standard
2026-09-08T20:32:52+00:00,NOP,3442,DeAndre Jordan,C,6,38,1988-07-21,Active,,,,Standard
2026-09-08T20:32:52+00:00,NOP,4869780,Derik Queen,C,22,21,2004-12-27,Active,5416080,3,2027,Standard
2026-09-08T20:32:52+00:00,NOP,4432068,Josh Oduro,C,13,25,2000-10-14,Active,,,,Standard
2026-09-08T20:32:52+00:00,NOP,5061589,Yves Missi,C,21,22,2004-05-14,Active,3512760,2,2027,Standard
2026-09-08T20:32:52+00:00,NOP,4277813,Herbert Jones,F,2,27,1998-10-06,Active,14898786,4,2027,Standard
2026-09-08T20:32:52+00:00,NOP,4997538,Karlo Matkovic,F,17,25,2001-03-30,Active,2296271,1,2027,Standard
2026-09-08T20:32:52+00:00,NOP,4712862,Malik Dia,F,,22,2004-02-04,Active,,,,Standard
2026-09-08T20:32:52+00:00,NOP,3986,Taj Gibson,F,,41,1985-06-24,Active,3185861,1,2027,Standard
2026-09-08T20:32:52+00:00,NOP,4431675,Trendon Watford,F,,25,2000-11-09,Active,2801346,1,2027,Standard
2026-09-08T20:32:52+00:00,NOP,4397688,Trey Murphy III,F,25,26,2000-06-18,Active,27000000,3,2027,Standard
2026-09-08T20:32:52+00:00,NOP,4395628,Zion Williamson,F,1,26,2000-07-06,Active,42166510,2,2027,Standard
2026-09-08T20:32:52+00:00,NOP,5170947,AJ Johnson,G,,21,2004-12-01,Active,3237120,2,2027,Standard
2026-09-08T20:32:52+00:00,NOP,4576086,Bryce McGowens,G,11,23,2002-11-08,Active,2584539,2,2027,Standard
2026-09-08T20:32:52+00:00,NOP,3907497,Dejounte Murray,G,5,29,1996-09-19,Active,32785071,2,2027,Standard
2026-09-08T20:32:52+00:00,NOP,4703115,Jaron Pierre Jr.,G,,24,2002-07-12,Active,,,,Standard
2026-09-08T20:32:52+00:00,NOP,5144091,Jeremiah Fears,G,0,19,2006-10-14,Active,7896240,3,2027,Standard
2026-09-08T20:32:52+00:00,NOP,4277956,Jordan Poole,G,3,27,1999-06-19,Active,34044642,1,2027,Standard
2026-09-08T20:32:52+00:00,NOP,4397136,Saddiq Bey,G,41,27,1999-04-09,Active,6440678,1,2027,Standard
2026-09-08T20:32:52+00:00,NYK,6585,Andre Drummond,C,,33,1993-08-10,Active,,,,Standard
2026-09-08T20:32:52+00:00,NYK,3136195,Karl-Anthony Towns,C,32,30,1995-11-15,Active,57078728,2,2027,Standard
2026-09-08T20:32:52+00:00,NYK,5289900,Mohamed Diawara,F,51,21,2005-04-29,Active,,,,Standard
2026-09-08T20:32:52+00:00,NYK,3934719,OG Anunoby,F,8,29,1997-07-17,Active,42500000,3,2027,Standard
2026-09-08T20:32:52+00:00,NYK,5211983,Pacome Dadiet,F,4,21,2005-07-27,Active,2983680,2,2027,Standard
2026-09-08T20:32:52+00:00,NYK,4838721,Tyler Nickel,F,,23,2003-09-05,Active,,,,Standard
2026-09-08T20:32:52+00:00,NYK,5234862,Jack Kayil,G,,20,2006-01-27,Active,,,,Standard
2026-09-08T20:32:52+00:00,NYK,3934672,Jalen Brunson,G,11,30,1996-08-31,Active,37739521,3,2027,Standard
2026-09-08T20:32:52+00:00,NYK,2528426,Jordan Clarkson,G,00,34,1992-06-07,Active,,,,Standard
2026-09-08T20:32:52+00:00,NYK,4277869,Jose Alvarado,G,5,28,1998-04-12,Active,4500000,1,2027,Standard
2026-09-08T20:32:52+00:00,NYK,3062679,Josh Hart,G,3,31,1995-03-06,Active,20923760,2,2027,Standard
2026-09-08T20:32:52+00:00,NYK,4411057,Kevin McCullar Jr.,G,9,25,2001-03-15,Active,,,,Standard
2026-09-08T20:32:52+00:00,NYK,3914044,Landry Shamet,G,44,29,1997-03-13,Active,,,,Standard
2026-09-08T20:32:52+00:00,NYK,3147657,Mikal Bridges,G,25,30,1996-08-30,Active,33482143,4,2027,Standard
2026-09-08T20:32:52+00:00,NYK,4431823,Miles McBride,G,2,25,2000-09-08,Active,3956523,1,2027,Standard
2026-09-08T20:32:52+00:00,NYK,4433225,Tyler Kolek,G,13,25,2001-03-27,Active,2296271,2,2027,Standard
2026-09-08T20:32:52+00:00,OKC,5174983,Aday Mara,C,,21,2005-04-07,Active,,,,Standard
2026-09-08T20:32:52+00:00,OKC,4433255,Chet Holmgren,C,7,24,2002-05-01,Active,41500000,5,2027,Standard
2026-09-08T20:32:52+00:00,OKC,4222252,Isaiah Hartenstein,C,55,28,1998-05-05,Active,28500000,1,2027,Standard
2026-09-08T20:32:52+00:00,OKC,5061603,Thomas Sorber,C,12,20,2005-12-25,Active,4887720,3,2027,Standard
2026-09-08T20:32:52+00:00,OKC,4684208,Brooks Barnhizer,F,23,24,2002-03-02,Active,,,,Standard
2026-09-08T20:32:52+00:00,OKC,4432823,Jaylin Williams,F,6,24,2002-06-29,Active,7774648,2,2027,Standard
2026-09-08T20:32:52+00:00,OKC,4900671,Ajay Mitchell,G,25,24,2002-06-25,Active,2850000,2,2027,Standard
2026-09-08T20:32:52+00:00,OKC,2991350,Alex Caruso,G,9,32,1994-02-28,Active,19550160,3,2027,Standard
2026-09-08T20:32:52+00:00,OKC,5241364,Bennett Stirtz,G,,22,2003-10-03,Active,,,,Standard
2026-09-08T20:32:52+00:00,OKC,4683692,Cason Wallace,G,22,22,2003-11-07,Active,7420806,1,2027,Standard
2026-09-08T20:32:52+00:00,OKC,4593803,Jalen Williams,G,8,25,2001-04-14,Active,41500000,5,2027,Standard
2026-09-08T20:32:52+00:00,OKC,4683778,Jared McCain,G,3,22,2004-02-20,Active,4422600,2,2027,Standard
2026-09-08T20:32:52+00:00,OKC,5105800,Josh Dix,G,,22,2004-06-29,Active,,,,Standard
2026-09-08T20:32:52+00:00,OKC,3133626,Kenrich Williams,G,34,31,1994-12-02,Active,7163000,1,2027,Standard
2026-09-08T20:32:52+00:00,OKC,5159925,Nikola Topic,G,44,21,2005-08-10,Active,5429760,2,2027,Standard
2026-09-08T20:32:52+00:00,OKC,5106270,Otega Oweh,G,,23,2003-06-21,Active,,,,Standard
2026-09-08T20:32:52+00:00,OKC,4278073,Shai Gilgeous-Alexander,G,2,28,1998-07-12,Active,40806150,5,2027,Standard
2026-09-08T20:32:52+00:00,ORL,4397204,Colin Castleton,C,14,26,2000-05-25,Active,,,,Standard
2026-09-08T20:32:52+00:00,ORL,4348700,Goga Bitadze,C,35,27,1999-07-20,Active,7608696,1,2027,Standard
2026-09-08T20:32:52+00:00,ORL,6478,Nikola Vucevic,C,9,35,1990-10-24,Active,,,,Standard
2026-09-08T20:32:52+00:00,ORL,4277847,Wendell Carter Jr.,C,34,27,1999-04-16,Active,18102000,3,2027,Standard
2026-09-08T20:32:52+00:00,ORL,4566434,Franz Wagner,F,22,25,2001-08-27,Active,41754690,4,2027,Standard
2026-09-08T20:32:52+00:00,ORL,5107251,Izaiyah Nelson,F,,22,2003-10-01,Active,,,,Standard
2026-09-08T20:32:52+00:00,ORL,4278572,Jamal Cain,F,8,27,1999-03-20,Active,,,,Standard
2026-09-08T20:32:52+00:00,ORL,4065654,Jonathan Isaac,F,1,28,1997-10-03,Active,14500000,3,2027,Standard
2026-09-08T20:32:52+00:00,ORL,4565201,Malaki Branham,F,12,23,2003-05-12,Active,,,,Standard
2026-09-08T20:32:52+00:00,ORL,5214637,Noah Penda,F,93,21,2005-01-07,Active,2150917,3,2027,Standard
2026-09-08T20:32:52+00:00,ORL,4432573,Paolo Banchero,F,5,23,2002-11-12,Active,41500000,5,2027,Standard
2026-09-08T20:32:52+00:00,ORL,4702382,Tristan da Silva,F,23,25,2001-05-15,Active,3991200,2,2027,Standard
2026-09-08T20:32:52+00:00,ORL,4593034,Alex Morales,G,30,28,1997-11-21,Active,0,1,2027,Standard
2026-09-08T20:32:52+00:00,ORL,4712849,Anthony Black,G,0,22,2004-01-20,Active,10106315,1,2027,Standard
2026-09-08T20:32:52+00:00,ORL,4066320,Desmond Bane,G,3,28,1998-06-25,Active,39446090,3,2027,Standard
2026-09-08T20:32:52+00:00,ORL,4576085,JD Davison,G,20,23,2002-10-03,Active,,,,Standard
2026-09-08T20:32:52+00:00,ORL,4432165,Jalen Suggs,G,4,25,2001-06-03,Active,32400000,4,2027,Standard
2026-09-08T20:32:52+00:00,ORL,5239561,Jase Richardson,G,11,20,2005-10-16,Active,3132360,3,2027,Standard
2026-09-08T20:32:52+00:00,ORL,3133635,Jevon Carter,G,2,30,1995-09-14,Active,,,,Standard
2026-09-08T20:32:52+00:00,PHI,5105637,Adem Bona,C,30,23,2003-03-28,Active,2296271,2,2027,Standard
2026-09-08T20:32:52+00:00,PHI,4871141,Ariel Hukporti,C,,24,2002-04-12,Active,,,,Standard
2026-09-08T20:32:52+00:00,PHI,3059318,Joel Embiid,C,21,32,1994-03-16,Active,58100000,3,2027,Standard
2026-09-08T20:32:52+00:00,PHI,3904625,Tacko Fall,C,,30,1995-12-10,Active,,,,Standard
2026-09-08T20:32:52+00:00,PHI,3912848,Dean Wade,F,,29,1996-11-20,Active,,,,Standard
2026-09-08T20:32:52+00:00,PHI,4702159,Dillon Jones,F,,24,2001-10-29,Active,,,,Standard
2026-09-08T20:32:52+00:00,PHI,4870562,Dominick Barlow,F,25,23,2003-05-26,Active,3415000,1,2027,Standard
2026-09-08T20:32:52+00:00,PHI,4432446,Jabari Walker,F,33,24,2002-07-30,Active,2584539,1,2027,Standard
2026-09-08T20:32:52+00:00,PHI,4711297,Justin Edwards,F,11,22,2003-12-16,Active,2411090,2,2027,Standard
2026-09-08T20:32:52+00:00,PHI,1966,LeBron James,F,23,41,1984-12-30,Active,,,,Standard
2026-09-08T20:32:52+00:00,PHI,4351851,Anfernee Simons,G,5,27,1999-06-08,Active,,,,Standard
2026-09-08T20:32:52+00:00,PHI,4433144,Caleb Love,G,9,24,2001-09-27,Active,,,,Standard
2026-09-08T20:32:52+00:00,PHI,4702049,Duke Miles,G,,24,2002-02-03,Active,,,,Standard
2026-09-08T20:32:52+00:00,PHI,4592444,Jameer Nelson Jr.,G,,25,2001-08-07,Active,,,,Standard
2026-09-08T20:32:52+00:00,PHI,3917376,Jaylen Brown,G,7,29,1996-10-24,Active,57078728,3,2027,Standard
2026-09-08T20:32:52+00:00,PHI,2581018,Kentavious Caldwell-Pope,G,,33,1993-02-18,Active,21621500,1,2027,Standard
2026-09-08T20:32:52+00:00,PHI,4873090,Labaron Philon Jr.,G,,20,2005-11-24,Active,,,,Standard
2026-09-08T20:32:52+00:00,PHI,5099752,Rayan Rupert,G,12,22,2004-05-31,Active,,,,Standard
2026-09-08T20:32:52+00:00,PHI,4431678,Tyrese Maxey,G,0,25,2000-11-04,Active,40770520,3,2027,Standard
2026-09-08T20:32:52+00:00,PHI,5124612,VJ Edgecombe,G,77,21,2005-07-30,Active,11663880,3,2027,Standard
2026-09-08T20:32:52+00:00,PHX,5203685,Khaman Maluach,C,10,19,2006-09-14,Active,6316680,3,2027,Standard
2026-09-08T20:32:52+00:00,PHX,4701232,Mark Williams,C,15,24,2001-12-16,Active,,,,Standard
2026-09-08T20:32:52+00:00,PHX,4702602,CJ Huntley,F,22,24,2002-01-06,Active,0,1,2027,Standard
2026-09-08T20:32:52+00:00,PHX,3155526,Dillon Brooks,F,3,30,1996-01-22,Active,19992727,1,2027,Standard
2026-09-08T20:32:52+00:00,PHX,4291678,Haywood Highsmith,F,7,29,1996-12-09,Active,3018158,1,2027,Standard
2026-09-08T20:32:52+00:00,PHX,4277957,Isaiah Livers,F,18,28,1998-07-28,Active,,,,Standard
2026-09-08T20:32:52+00:00,PHX,5041953,Koa Peat,F,,19,2007-01-20,Active,,,,Standard
2026-09-08T20:32:52+00:00,PHX,4066383,Miles Bridges,F,,28,1998-03-21,Active,22826087,1,2027,Standard
2026-09-08T20:32:52+00:00,PHX,4601023,Oso Ighodaro,F,11,24,2002-07-14,Active,2296271,2,,Standard
2026-09-08T20:32:52+00:00,PHX,5105977,Rasheer Fleming,F,20,22,2004-07-10,Active,2150917,3,2027,Standard
2026-09-08T20:32:52+00:00,PHX,4888725,Ryan Dunn,F,0,23,2003-01-07,Active,2784240,2,2027,Standard
2026-09-08T20:32:52+00:00,PHX,4278585,Collin Gillespie,G,12,27,1999-06-25,Active,,,,Standard
2026-09-08T20:32:52+00:00,PHX,3136193,Devin Booker,G,15,29,1996-10-30,Active,57078728,4,2027,Standard
2026-09-08T20:32:52+00:00,PHX,4437244,Jalen Green,G,4,24,2002-02-09,Active,36251166,2,2027,Standard
2026-09-08T20:32:52+00:00,PHX,4280245,Jamaree Bouyea,G,17,27,1999-06-27,Active,2584539,1,2027,Standard
2026-09-08T20:32:52+00:00,PHX,4278402,Jordan Goodwin,G,23,27,1998-10-23,Active,,,,Standard
2026-09-08T20:32:52+00:00,PHX,4591259,Koby Brea,G,14,23,2002-11-06,Active,,,,Standard
2026-09-08T20:32:52+00:00,PHX,3913174,Luke Kennard,G,,30,1996-06-24,Active,,,,Standard
2026-09-08T20:32:52+00:00,PHX,4592714,Pat Spencer,G,,30,1996-07-04,Active,,,,Standard
2026-09-08T20:32:52+00:00,POR,4592435,Branden Carlson,C,,27,1999-06-14,Active,,,,Standard
2026-09-08T20:32:52+00:00,POR,5105565,Donovan Clingan,C,23,22,2004-02-23,Active,7519920,2,2027,Standard
2026-09-08T20:32:52+00:00,POR,4066399,Micah Potter,C,11,28,1998-04-06,Active,2801346,1,2027,Standard
2026-09-08T20:32:52+00:00,POR,4066211,Robert Williams III,C,35,28,1997-10-17,Active,,,,Standard
2026-09-08T20:32:52+00:00,POR,5217746,Yang Hansen,C,16,21,2005-06-26,Active,4643520,3,2027,Standard
2026-09-08T20:32:52+00:00,POR,4683021,Deni Avdija,F,8,25,2001-01-03,Active,13125000,2,2027,Standard
2026-09-08T20:32:52+00:00,POR,4610139,Jeremy Sochan,F,20,23,2003-05-20,Active,,,,Standard
2026-09-08T20:32:52+00:00,POR,4593043,John Tonje,F,,25,2001-04-23,Active,,,,Standard
2026-09-08T20:32:52+00:00,POR,4431736,Toumani Camara,F,33,26,2000-05-08,Active,18080358,4,2027,Standard
2026-09-08T20:32:52+00:00,POR,4706557,Chris Youngblood,G,11,24,2002-02-09,Active,0,1,2027,Standard
2026-09-08T20:32:52+00:00,POR,6606,Damian Lillard,G,0,36,1990-07-15,Active,13398000,2,2027,Standard
2026-09-08T20:32:52+00:00,POR,4279888,Ja Morant,G,1,27,1999-08-10,Active,42166510,2,2027,Standard
2026-09-08T20:32:52+00:00,POR,4703889,Jayson Kent,G,29,24,2002-02-03,Active,0,1,2027,Standard
2026-09-08T20:32:52+00:00,POR,3995,Jrue Holiday,G,5,36,1990-06-12,Active,34800000,2,2027,Standard
2026-09-08T20:32:52+00:00,POR,4683678,Scoot Henderson,G,00,22,2004-02-03,Active,13585522,1,2027,Standard
2026-09-08T20:32:52+00:00,POR,4914336,Shaedon Sharpe,G,17,23,2003-05-30,Active,20089286,4,2027,Standard
2026-09-08T20:32:52+00:00,POR,5081727,Sidy Cissoko,G,91,22,2004-04-02,Active,2497812,1,2027,Standard
2026-09-08T20:32:52+00:00,POR,4578893,Vit Krejci,G,27,26,2000-06-19,Active,2667944,2,2027,Standard
2026-09-08T20:32:52+00:00,SAC,4433174,Dylan Cardwell,C,32,24,2001-12-16,Active,2150917,3,2027,Standard
2026-09-08T20:32:52+00:00,SAC,4898371,Maxime Raynaud,C,42,23,2003-04-07,Active,2150917,2,2027,Standard
2026-09-08T20:32:52+00:00,SAC,4917149,Alex Karaban,F,33,23,2002-11-11,Active,,,,Standard
2026-09-08T20:32:52+00:00,SAC,4065732,De'Andre Hunter,F,15,28,1997-12-02,Active,24910714,1,2027,Standard
2026-09-08T20:32:52+00:00,SAC,3155942,Domantas Sabonis,F,11,30,1996-05-03,Active,45472000,2,2027,Standard
2026-09-08T20:32:52+00:00,SAC,5107897,Jonathan Mogbo,F,,24,2001-10-29,Active,2296271,1,2027,Standard
2026-09-08T20:32:52+00:00,SAC,4594327,Keegan Murray,F,13,26,2000-08-19,Active,24137931,4,2027,Standard
2026-09-08T20:32:52+00:00,SAC,4397654,Adam Flagler,G,,26,1999-12-01,Active,,,,Standard
2026-09-08T20:32:52+00:00,SAC,3907387,Ben Simmons,G,,30,1996-07-20,Active,,,,Standard
2026-09-08T20:32:52+00:00,SAC,4279318,Daeqwon Plowden,G,29,28,1998-08-29,Active,,,,Standard
2026-09-08T20:32:52+00:00,SAC,5142620,Darius Acuff Jr.,G,5,19,2006-11-16,Active,,,,Standard
2026-09-08T20:32:52+00:00,SAC,5106058,Emanuel Sharp,G,34,22,2004-03-07,Active,,,,Standard
2026-09-08T20:32:52+00:00,SAC,4066262,Malik Monk,G,0,28,1998-02-04,Active,21190034,2,2027,Standard
2026-09-08T20:32:52+00:00,SAC,4702384,Nique Clifford,G,5,24,2002-02-09,Active,3263400,3,2027,Standard
2026-09-08T20:32:52+00:00,SAC,3064440,Zach LaVine,G,8,31,1995-03-10,Active,48967380,1,2027,Standard
2026-09-08T20:32:52+00:00,SAC,4431679,Precious Achiuwa,PF,9,26,1999-09-19,Active,,,,Standard
2026-09-08T20:32:52+00:00,SAS,3064560,Luke Kornet,C,7,31,1995-07-15,Active,10450000,3,2027,Standard
2026-09-08T20:32:52+00:00,SAS,5105809,Tarris Reed Jr.,C,,23,2003-08-05,Active,,,,Standard
2026-09-08T20:32:52+00:00,SAS,5061568,Carter Bryant,F,11,20,2005-11-26,Active,5145360,3,2027,Standard
2026-09-08T20:32:52+00:00,SAS,4713010,David Jones Garcia,F,25,24,2001-11-24,Active,,,,Standard
2026-09-08T20:32:52+00:00,SAS,4432872,Emanuel Miller,F,14,26,2000-06-19,Active,0,1,2027,Standard
2026-09-08T20:32:52+00:00,SAS,6578,Harrison Barnes,F,40,34,1992-05-30,Active,,,,Standard
2026-09-08T20:32:52+00:00,SAS,4433618,Harrison Ingram,F,55,23,2002-11-27,Active,,,,Standard
2026-09-08T20:32:52+00:00,SAS,5101845,Jayden Quaintance,F,,19,2007-07-11,Active,,,,Standard
2026-09-08T20:32:52+00:00,SAS,4592479,Julian Champagnie,F,30,25,2001-06-29,Active,3000000,1,2027,Standard
2026-09-08T20:32:52+00:00,SAS,4395723,Keldon Johnson,F,3,26,1999-10-11,Active,17500000,1,2027,Standard
2026-09-08T20:32:52+00:00,SAS,5105337,Maliq Brown,F,,22,2003-11-15,Active,,,,Standard
2026-09-08T20:32:52+00:00,SAS,6440,Tobias Harris,F,,34,1992-07-15,Active,,,,Standard
2026-09-08T20:32:52+00:00,SAS,5104157,Victor Wembanyama,F,1,22,2004-01-04,Active,16868245,1,2027,Standard
2026-09-08T20:32:52+00:00,SAS,4066259,De'Aaron Fox,G,4,28,1997-12-20,Active,49800000,4,2027,Standard
2026-09-08T20:32:52+00:00,SAS,4395630,Devin Vassell,G,24,26,2000-08-23,Active,27000000,3,2027,Standard
2026-09-08T20:32:52+00:00,SAS,5037871,Dylan Harper,G,2,20,2006-03-02,Active,12989040,3,2027,Standard
2026-09-08T20:32:52+00:00,SAS,5107968,Ja'Kobi Gillespie,G,,22,2004-03-10,Active,,,,Standard
2026-09-08T20:32:52+00:00,SAS,3134916,Jordan McLaughlin,G,0,30,1996-04-09,Active,,,,Standard
2026-09-08T20:32:52+00:00,SAS,4845367,Stephon Castle,G,5,21,2004-11-01,Active,10015920,2,2027,Standard
2026-09-08T20:32:52+00:00,TOR,3134908,Jakob Poeltl,C,19,30,1995-10-15,Active,19500000,4,2027,Standard
2026-09-08T20:32:52+00:00,TOR,4432586,Nate Bittle,C,,23,2003-06-03,Active,,,,Standard
2026-09-08T20:32:52+00:00,TOR,4395623,Trey Jemison III,C,,26,1999-11-28,Active,,,,Standard
2026-09-08T20:32:52+00:00,TOR,5149115,Allen Graves,F,,20,2006-07-28,Active,,,,Standard
2026-09-08T20:32:52+00:00,TOR,3913176,Brandon Ingram,F,3,29,1997-09-02,Active,40000000,2,2027,Standard
2026-09-08T20:32:52+00:00,TOR,5093267,Collin Murray-Boyles,F,30,21,2005-06-10,Active,6649560,3,2027,Standard
2026-09-08T20:32:52+00:00,TOR,4431893,Jamison Battle,F,77,25,2001-05-10,Active,2296271,1,2027,Standard
2026-09-08T20:32:52+00:00,TOR,2993874,Kyle Anderson,F,,32,1993-09-20,Active,,,,Standard
2026-09-08T20:32:52+00:00,TOR,4395625,RJ Barrett,F,9,26,2000-06-14,Active,29616071,1,2027,Standard
2026-09-08T20:32:52+00:00,TOR,4433134,Scottie Barnes,F,4,25,2001-08-01,Active,41754690,4,2027,Standard
2026-09-08T20:32:52+00:00,TOR,4431684,Trayce Jackson-Davis,F,32,26,2000-02-22,Active,2406205,1,2027,Standard
2026-09-08T20:32:52+00:00,TOR,4067017,A.J. Lawson,G,0,26,2000-07-15,Active,,,,Standard
2026-09-08T20:32:52+00:00,TOR,4702656,Alijah Martin,G,55,24,2001-12-26,Active,,,,Standard
2026-09-08T20:32:52+00:00,TOR,4432190,Andre Jackson Jr.,G,44,24,2001-11-13,Active,,,,Standard
2026-09-08T20:32:52+00:00,TOR,4590360,Chucky Hepburn,G,24,23,2003-02-09,Active,,,,Standard
2026-09-08T20:32:52+00:00,TOR,5106258,Gradey Dick,G,1,22,2003-11-20,Active,7131510,1,2027,Standard
2026-09-08T20:32:52+00:00,TOR,4395724,Immanuel Quickley,G,5,27,1999-06-17,Active,32500000,3,2027,Standard
2026-09-08T20:32:52+00:00,TOR,4684272,Ja'Kobe Walter,G,14,22,2004-09-04,Active,3811800,2,2027,Standard
2026-09-08T20:32:52+00:00,TOR,4432737,Jaden Bradley,G,,22,2003-09-14,Active,,,,Standard
2026-09-08T20:32:52+00:00,TOR,4432241,Jamal Shead,G,23,24,2002-07-24,Active,2296271,1,2027,Standard
2026-09-08T20:32:52+00:00,UTA,4397077,Jaxson Hayes,C,,26,2000-05-23,Active,,,,Standard
2026-09-08T20:32:52+00:00,UTA,3102530,Jusuf Nurkic,C,30,32,1994-08-23,Active,,,,Standard
2026-09-08T20:32:52+00:00,UTA,4277919,Mo Bamba,C,11,28,1998-05-12,Active,,,,Standard
2026-09-08T20:32:52+00:00,UTA,4432827,Oscar Tshiebwe,C,34,26,1999-11-27,Active,,,,Standard
2026-09-08T20:32:52+00:00,UTA,4396963,Blake Hinson,F,2,26,1999-12-26,Active,0,1,2027,Standard
2026-09-08T20:32:52+00:00,UTA,5105839,Brice Sensabaugh,F,28,22,2003-10-30,Active,4862237,1,2027,Standard
2026-09-08T20:32:52+00:00,UTA,4277961,Jaren Jackson Jr.,F,20,26,1999-09-15,Active,49000000,4,2027,Standard
2026-09-08T20:32:52+00:00,UTA,4684793,Kyle Filipowski,F,22,22,2003-11-07,Active,3000000,2,2027,Standard
2026-09-08T20:32:52+00:00,UTA,4066336,Lauri Markkanen,F,23,29,1997-05-22,Active,46113154,3,2027,Standard
2026-09-08T20:32:52+00:00,UTA,4873138,Ace Bailey,G,19,20,2006-08-13,Active,9523080,3,2027,Standard
2026-09-08T20:32:52+00:00,UTA,4898237,Bez Mbeng,G,21,24,2002-05-02,Active,,,,Standard
2026-09-08T20:32:52+00:00,UTA,5041955,Darryn Peterson,G,22,19,2007-01-17,Active,,,,Standard
2026-09-08T20:32:52+00:00,UTA,4683766,Isaiah Collier,G,8,21,2004-10-08,Active,2763960,3,2027,Standard
2026-09-08T20:32:52+00:00,UTA,4432811,Josh Green,G,,25,2000-11-16,Active,14679012,1,2027,Standard
2026-09-08T20:32:52+00:00,UTA,4065663,Josh Okogie,G,,28,1998-09-01,Active,,,,Standard
2026-09-08T20:32:52+00:00,UTA,4433627,Keyonte George,G,3,22,2003-11-08,Active,6563925,1,2027,Standard
2026-09-08T20:32:52+00:00,UTA,3133602,Svi Mykhailiuk,G,10,29,1997-06-10,Active,3850000,2,2027,Standard
2026-09-08T20:32:52+00:00,UTA,4683933,Tamar Bates,G,,23,2003-02-21,Active,,,,Standard
2026-09-08T20:32:52+00:00,UTA,4433268,Trey Alexander,G,23,23,2003-05-02,Active,,,,Standard
2026-09-08T20:32:52+00:00,WAS,5160992,Alex Sarr,C,20,21,2005-04-26,Active,12370680,2,2027,Standard
2026-09-08T20:32:52+00:00,WAS,4278129,Deandre Ayton,C,,28,1998-07-23,Active,8104000,1,2027,Standard
2026-09-08T20:32:52+00:00,WAS,5142718,AJ Dybantsa,F,4,19,2007-01-29,Active,,,,Standard
2026-09-08T20:32:52+00:00,WAS,6583,Anthony Davis,F,23,33,1993-03-11,Active,58456566,2,2027,Standard
2026-09-08T20:32:52+00:00,WAS,5105841,Felix Okpara,F,,22,2004-04-20,Active,,,,Standard
2026-09-08T20:32:52+00:00,WAS,4432907,Justin Champagnie,F,9,25,2001-06-29,Active,2667944,2,2027,Standard
2026-09-08T20:32:52+00:00,WAS,6609,Khris Middleton,F,22,35,1991-08-12,Active,,,,Standard
2026-09-08T20:32:52+00:00,WAS,5174563,Kyshawn George,F,18,22,2003-12-12,Active,3108000,2,2027,Standard
2026-09-08T20:32:52+00:00,WAS,4997537,Tristan Vukcevic,F,00,23,2003-03-11,Active,3000000,2,2027,Standard
2026-09-08T20:32:52+00:00,WAS,5104155,Bilal Coulibaly,G,0,22,2004-07-26,Active,9240012,1,2027,Standard
2026-09-08T20:32:52+00:00,WAS,4845374,Bub Carrington,G,7,21,2005-07-21,Active,4900560,2,2027,Standard
2026-09-08T20:32:52+00:00,WAS,4606840,Jamir Watkins,G,5,25,2001-07-06,Active,2150917,1,2027,Standard
2026-09-08T20:32:52+00:00,WAS,4432173,Sharife Cooper,G,13,25,2001-06-11,Active,,,,Standard
2026-09-08T20:32:52+00:00,WAS,4277905,Trae Young,G,3,27,1998-09-19,Active,48967380,1,2027,Standard
2026-09-08T20:32:52+00:00,WAS,5238230,Tre Johnson,G,12,20,2006-03-07,Active,8649600,3,2027,Standard
2026-09-08T20:32:52+00:00,WAS,4432819,Tre Mann,G,,25,2001-02-03,Active,8000000,2,2027,Standard
2026-09-08T20:32:52+00:00,WAS,5144126,Will Riley,G,27,20,2006-02-10,Active,3688320,3,2027,Standard
